id,gender,language,race,company,job_title,country
1,Male,Malagasy,Puget Sound Salish,Lazzy,VP Product Management,France
2,Female,Pashto,Puerto Rican,Jayo,Automation Specialist I,Indonesia
3,Male,Papiamento,Dominican (Dominican Republic),Thoughtblab,Social Worker,Indonesia
4,Male,New Zealand Sign Language,Chinese,Mybuzz,Environmental Tech,Philippines
5,Female,New Zealand Sign Language,Choctaw,Oyondu,Financial Analyst,Mozambique
6,Male,Hindi,Tlingit-Haida,Zoozzy,Environmental Tech,Indonesia
7,Male,Italian,Tlingit-Haida,Jayo,Teacher,China
8,Female,Marathi,Menominee,Jetwire,Registered Nurse,Brazil
9,Male,Quechua,Paraguayan,Mudo,Help Desk Technician,Gambia
10,Female,Estonian,Peruvian,Shuffletag,Database Administrator II,Peru
11,Male,Latvian,Nicaraguan,Yamia,Computer Systems Analyst IV,Libya
12,Female,Dzongkha,Spaniard,Kazio,Engineer I,Indonesia
13,Female,Papiamento,Laotian,Devcast,Tax Accountant,Sweden
14,Male,Gagauz,Puerto Rican,Voomm,Design Engineer,Russia
15,Female,Dzongkha,Chinese,Youopia,Financial Analyst,Chile
16,Female,Aymara,Hmong,Yotz,Sales Associate,North Korea
17,Male,Kurdish,Taiwanese,Demimbu,Desktop Support Technician,Poland
18,Male,Spanish,Samoan,Chatterbridge,Technical Writer,Poland
19,Male,Guaraní,Colombian,Babblestorm,Compensation Analyst,China
20,Female,Guaraní,Aleut,Plambee,Senior Developer,Sweden
21,Male,Chinese,Tlingit-Haida,Kwinu,Technical Writer,Brazil
22,Male,Guaraní,Polynesian,Brainsphere,Systems Administrator III,France
23,Male,Hebrew,Honduran,Rhyzio,Registered Nurse,China
24,Male,Swati,Colombian,Twinder,Quality Control Specialist,France
25,Male,Filipino,Laotian,Devpoint,Associate Professor,Indonesia
26,Female,Yiddish,Menominee,Ailane,Marketing Assistant,Venezuela
27,Female,Guaraní,Taiwanese,Jaxbean,Senior Quality Engineer,Zimbabwe
28,Male,Chinese,Cuban,Blogtags,Developer II,Argentina
29,Female,Persian,Iroquois,Agimba,Chief Design Engineer,Philippines
30,Male,Georgian,American Indian,Skalith,Accounting Assistant II,Palestinian Territory
31,Male,Fijian,Ute,Ozu,VP Quality Control,Armenia
32,Female,Swahili,Colville,Tagpad,Web Developer I,Russia
33,Female,Malagasy,Pima,Brightbean,Senior Editor,Moldova
34,Male,Tswana,Fijian,Realcube,Graphic Designer,Indonesia
35,Male,Kannada,Houma,Voomm,Biostatistician III,Indonesia
36,Male,Afrikaans,Asian Indian,Twinte,Financial Advisor,China
37,Male,Afrikaans,Puget Sound Salish,Skinix,Graphic Designer,Iran
38,Female,Assamese,Chamorro,Eayo,Analog Circuit Design manager,Portugal
39,Female,Tswana,Osage,Skilith,Statistician II,Kazakhstan
40,Male,Dari,Shoshone,Babbleblab,Editor,Cuba
41,Male,Catalan,Black or African American,Buzzshare,Project Manager,France
42,Female,Indonesian,Sioux,Dazzlesphere,Environmental Tech,Indonesia
43,Female,Nepali,Alaska Native,Gevee,Quality Engineer,Democratic Republic of the Congo
44,Female,Montenegrin,Osage,Dynabox,Editor,Egypt
45,Male,French,Chickasaw,Nlounge,Nurse,United States
46,Male,Marathi,Native Hawaiian,Bluezoom,VP Product Management,Tanzania
47,Female,Sotho,Colville,Twiyo,Environmental Specialist,Kenya
48,Male,Italian,Peruvian,Digitube,Programmer III,Greece
49,Male,Tetum,Cherokee,Quinu,Director of Sales,Russia
50,Female,Mongolian,Alaska Native,Mycat,Recruiter,Poland
51,Male,Icelandic,Black or African American,Eazzy,Junior Executive,Myanmar
52,Male,Gagauz,Yuman,Oba,Account Coordinator,China
53,Male,Malagasy,Black or African American,Twitternation,Data Coordiator,Argentina
54,Female,Polish,Chickasaw,Dazzlesphere,Analyst Programmer,Brazil
55,Female,Catalan,Colville,Innotype,Community Outreach Specialist,Russia
56,Male,Marathi,Polynesian,Browsebug,Sales Associate,Peru
57,Female,Norwegian,Cherokee,Trudoo,Professor,Ukraine
58,Male,Polish,Cambodian,Dynabox,VP Quality Control,Indonesia
59,Female,Dari,Vietnamese,Twiyo,Social Worker,Indonesia
60,Male,Tsonga,Nicaraguan,Realcube,Automation Specialist IV,France
61,Female,Kannada,Chinese,Thoughtbeat,Senior Sales Associate,Mexico
62,Female,Kashmiri,Korean,Dynabox,Community Outreach Specialist,Russia
63,Female,Dhivehi,Iroquois,Voonyx,Librarian,Russia
64,Female,Finnish,Central American,Geba,Web Developer IV,China
65,Female,Armenian,Blackfeet,Zoomcast,Human Resources Assistant IV,United States
66,Female,Burmese,Uruguayan,Browseblab,Professor,Thailand
67,Male,Kurdish,Latin American Indian,Jaxbean,Software Engineer III,United States
68,Male,Northern Sotho,Hmong,Voolith,VP Accounting,Dominican Republic
69,Female,Afrikaans,Seminole,Livetube,Staff Accountant II,Qatar
70,Female,Japanese,Pakistani,DabZ,Human Resources Assistant I,Portugal
71,Female,Armenian,Yuman,Miboo,Engineer IV,China
72,Female,Spanish,Colombian,Jabbersphere,Software Engineer II,China
73,Male,Korean,Navajo,Gabtype,VP Product Management,United States
74,Male,Marathi,Native Hawaiian,Oba,Cost Accountant,Indonesia
75,Female,Icelandic,Polynesian,Chatterbridge,Nuclear Power Engineer,Russia
76,Male,Tok Pisin,Black or African American,Photobean,Business Systems Development Analyst,Philippines
77,Female,Italian,Costa Rican,Voomm,Analyst Programmer,Indonesia
78,Male,Czech,Yakama,Skipstorm,Environmental Specialist,Ireland
79,Male,Dutch,Tongan,Zoovu,Senior Editor,Armenia
80,Male,Spanish,Paiute,Zoomcast,Research Nurse,Ukraine
81,Male,Kurdish,Polynesian,Lajo,Internal Auditor,Indonesia
82,Male,Bislama,Guamanian,Tagtune,Human Resources Assistant II,Belarus
83,Male,Kurdish,Cherokee,Tagchat,VP Sales,Poland
84,Male,Māori,Chippewa,Kayveo,VP Accounting,Poland
85,Female,Macedonian,Argentinian,Skaboo,Environmental Tech,Canada
86,Male,Kurdish,Yakama,Shuffledrive,Geologist IV,Russia
87,Female,German,Mexican,Oodoo,Librarian,Argentina
88,Male,Finnish,Micronesian,Shufflebeat,Budget/Accounting Analyst I,Indonesia
89,Female,Hindi,American Indian and Alaska Native (AIAN),JumpXS,Senior Cost Accountant,Indonesia
90,Male,Somali,Laotian,Skalith,Analyst Programmer,China
91,Male,Portuguese,Pueblo,Flipopia,General Manager,Argentina
92,Female,Papiamento,Iroquois,Avamm,Research Assistant III,Philippines
93,Female,Belarusian,Micronesian,Mycat,Geological Engineer,Thailand
94,Female,Montenegrin,Colombian,Tagpad,VP Quality Control,China
95,Male,Dutch,Cambodian,Skidoo,Design Engineer,Philippines
96,Male,Icelandic,Houma,Photofeed,Junior Executive,Portugal
97,Female,Latvian,Iroquois,Trilith,Librarian,China
98,Female,Assamese,Thai,Lazz,VP Quality Control,France
99,Male,Kazakh,Yakama,Gabcube,Senior Cost Accountant,Panama
100,Male,Ndebele,Taiwanese,Mybuzz,Social Worker,Philippines
101,Female,Irish Gaelic,Ottawa,Avamba,Social Worker,Pakistan
102,Female,Portuguese,Taiwanese,Twitterworks,Research Nurse,United States
103,Female,Quechua,Ecuadorian,Yozio,Budget/Accounting Analyst IV,Brazil
104,Male,Portuguese,Cambodian,Midel,Desktop Support Technician,Czech Republic
105,Female,Burmese,Honduran,Gabspot,Quality Control Specialist,China
106,Female,Hungarian,Puget Sound Salish,Brainbox,Senior Financial Analyst,Philippines
107,Male,Tajik,Bolivian,Rhynoodle,Programmer IV,China
108,Female,Filipino,Ute,Fatz,Research Nurse,Ukraine
109,Female,Thai,Tlingit-Haida,Thoughtworks,Technical Writer,Poland
110,Female,Northern Sotho,Mexican,Camimbo,Cost Accountant,United States
111,Male,Yiddish,Ecuadorian,Jaxnation,Administrative Officer,Germany
112,Female,Afrikaans,Nicaraguan,Jayo,Graphic Designer,Russia
113,Male,West Frisian,Cree,Skidoo,Research Assistant IV,Poland
114,Male,Tok Pisin,Japanese,Dabjam,Assistant Manager,Indonesia
115,Female,Punjabi,Shoshone,Pixope,Professor,Czech Republic
116,Male,Irish Gaelic,Fijian,Meevee,Project Manager,Russia
117,Female,Dzongkha,Apache,Blognation,Director of Sales,Japan
118,Male,Bulgarian,Sri Lankan,Yodo,Programmer Analyst IV,Indonesia
119,Male,Nepali,Lumbee,Buzzdog,Analyst Programmer,Canada
120,Male,Polish,Vietnamese,Demivee,Administrative Officer,Russia
121,Female,Sotho,Cree,Roomm,Research Associate,Philippines
122,Male,Tswana,Cambodian,Fanoodle,Librarian,Vietnam
123,Female,Tamil,Choctaw,Aivee,Help Desk Operator,Indonesia
124,Female,Tetum,Asian,Demimbu,Payment Adjustment Coordinator,Bhutan
125,Female,Italian,Iroquois,Zoozzy,Accountant I,Greece
126,Female,Luxembourgish,Bolivian,Ainyx,GIS Technical Architect,Vietnam
127,Male,Lao,Tongan,Thoughtbeat,Associate Professor,Venezuela
128,Male,Tajik,Laotian,Avavee,Research Associate,Russia
129,Male,Gagauz,Iroquois,Centizu,Occupational Therapist,Bosnia and Herzegovina
130,Female,Hungarian,Aleut,Meemm,Business Systems Development Analyst,Sweden
131,Male,Gujarati,Fijian,Ntags,Operator,Brazil
132,Male,Norwegian,Venezuelan,Eire,Operator,China
133,Female,Dzongkha,Fijian,Agimba,Administrative Assistant III,France
134,Male,Danish,Chickasaw,Topicblab,Nurse Practicioner,Russia
135,Female,Gagauz,Asian,Meedoo,Quality Engineer,Poland
136,Female,Fijian,Pueblo,Feedbug,VP Quality Control,Paraguay
137,Male,Zulu,Mexican,Jabbercube,Junior Executive,Peru
138,Male,Kurdish,Iroquois,Kayveo,Legal Assistant,United States
139,Male,Spanish,Ecuadorian,Zoovu,Technical Writer,Albania
140,Male,Romanian,Spaniard,Oodoo,Human Resources Assistant III,Vietnam
141,Male,Swahili,White,Skalith,Programmer Analyst I,French Polynesia
142,Male,Fijian,Houma,Aimbo,Environmental Specialist,Albania
143,Female,Dari,Central American,Feedfire,Associate Professor,United States
144,Male,Catalan,Bangladeshi,Realfire,Analyst Programmer,Croatia
145,Male,Nepali,Houma,Quamba,Mechanical Systems Engineer,Indonesia
146,Female,Kyrgyz,Puerto Rican,Yabox,Senior Quality Engineer,Mexico
147,Male,Oriya,Puget Sound Salish,Cogidoo,Geologist I,China
148,Female,Gujarati,American Indian,Babbleset,Clinical Specialist,Bulgaria
149,Female,Bulgarian,Eskimo,Myworks,Administrative Officer,Indonesia
150,Male,Haitian Creole,Latin American Indian,Buzzdog,Office Assistant III,China
151,Male,Croatian,Cambodian,Centimia,Computer Systems Analyst II,China
152,Male,New Zealand Sign Language,Yaqui,Pixonyx,Web Designer IV,United States
153,Male,Marathi,South American,Avamba,Marketing Manager,Portugal
154,Male,West Frisian,Aleut,Youbridge,Social Worker,Russia
155,Male,Amharic,Seminole,Babbleset,Web Designer IV,Bangladesh
156,Male,Bulgarian,Indonesian,Dabfeed,Environmental Specialist,China
157,Female,Dhivehi,Hmong,Feednation,Statistician II,Poland
158,Female,Thai,Comanche,Rhyloo,Statistician III,Indonesia
159,Male,Italian,Panamanian,Riffpath,Compensation Analyst,North Korea
160,Female,Swahili,Fijian,Devcast,Senior Financial Analyst,Brazil
161,Male,Pashto,American Indian,Jaxnation,Social Worker,Paraguay
162,Male,Malagasy,American Indian and Alaska Native (AIAN),Blogtags,Systems Administrator III,Portugal
163,Female,Belarusian,Colombian,Pixoboo,Senior Cost Accountant,Japan
164,Male,Thai,Cambodian,Vidoo,Desktop Support Technician,Canada
165,Female,Filipino,Polynesian,Jayo,Software Test Engineer III,South Korea
166,Male,Assamese,Delaware,Zoonder,Engineer II,Portugal
167,Female,Yiddish,Native Hawaiian,Dynazzy,VP Sales,Nicaragua
168,Male,Hindi,Chamorro,Eamia,Executive Secretary,China
169,Female,Gujarati,Yuman,Podcat,Chief Design Engineer,China
170,Male,Amharic,Dominican (Dominican Republic),Linkbuzz,Cost Accountant,Vietnam
171,Male,Azeri,White,Ainyx,Compensation Analyst,Mozambique
172,Male,Macedonian,Osage,Katz,Budget/Accounting Analyst III,China
173,Female,Ndebele,Micronesian,Skyble,VP Accounting,Russia
174,Female,Croatian,Filipino,Thoughtsphere,Engineer I,Indonesia
175,Female,Tamil,Black or African American,Voonder,Budget/Accounting Analyst II,Germany
176,Female,Dutch,Peruvian,Gigashots,Structural Analysis Engineer,China
177,Male,Czech,Japanese,Twitterbridge,Chief Design Engineer,Bolivia
178,Male,Bengali,Nicaraguan,Talane,Media Manager III,Mexico
179,Male,Haitian Creole,Thai,Bubblebox,VP Marketing,Russia
180,Male,Georgian,Ecuadorian,Devpoint,Desktop Support Technician,Costa Rica
181,Male,Danish,Malaysian,Cogilith,Pharmacist,Norway
182,Female,Icelandic,Yuman,Zoonoodle,Research Nurse,Philippines
183,Male,Spanish,Vietnamese,Brainverse,Administrative Officer,China
184,Female,Montenegrin,Cheyenne,Cogidoo,Geologist I,Brazil
185,Female,Assamese,Shoshone,Blogtag,Quality Engineer,China
186,Female,Northern Sotho,Filipino,Innotype,Research Nurse,Mexico
187,Male,Spanish,Chilean,Gabspot,Computer Systems Analyst I,Bangladesh
188,Male,Marathi,Osage,Skinix,Actuary,Thailand
189,Female,Malayalam,Pakistani,Oloo,Information Systems Manager,Iran
190,Male,Bosnian,Cambodian,Trudeo,Structural Analysis Engineer,China
191,Female,Bengali,Cheyenne,Mydo,Budget/Accounting Analyst III,Venezuela
192,Male,Telugu,Shoshone,Wikizz,Engineer IV,Serbia
193,Female,Malagasy,Taiwanese,Ainyx,VP Quality Control,Turkmenistan
194,Female,Norwegian,Navajo,Yata,Senior Developer,Russia
195,Female,Portuguese,Asian,Wikivu,VP Sales,Portugal
196,Male,Khmer,Asian,Blogtag,Senior Sales Associate,Poland
197,Male,Lao,Asian,Fliptune,Financial Advisor,China
198,Male,Maltese,Panamanian,Babblestorm,Clinical Specialist,China
199,Male,Tajik,Aleut,Photobug,Editor,Thailand
200,Female,Hungarian,Latin American Indian,Ooba,Business Systems Development Analyst,Poland
201,Female,Estonian,Pakistani,Quire,Computer Systems Analyst IV,Argentina
202,Female,Czech,Eskimo,Edgepulse,Administrative Assistant II,Serbia
203,Male,Hindi,Panamanian,Avamba,Analyst Programmer,Greece
204,Male,Danish,Apache,Skipfire,Registered Nurse,Poland
205,Female,Fijian,Blackfeet,Aibox,Staff Accountant IV,Indonesia
206,Male,Swedish,Bolivian,Oozz,Paralegal,Poland
207,Male,Malagasy,Comanche,Photofeed,Professor,Colombia
208,Male,Czech,Pakistani,Livefish,Web Designer II,Indonesia
209,Female,Italian,Nicaraguan,Riffpedia,GIS Technical Architect,China
210,Male,Filipino,Asian Indian,Meejo,Financial Analyst,Honduras
211,Female,Chinese,Polynesian,Voolith,Web Developer II,Sweden
212,Male,Hebrew,Chickasaw,Muxo,Junior Executive,Bangladesh
213,Female,Montenegrin,Laotian,Ntag,Librarian,Jamaica
214,Female,Haitian Creole,Micronesian,Feedfire,Administrative Assistant IV,Malaysia
215,Male,Gagauz,Yakama,Zazio,Account Coordinator,Colombia
216,Male,Polish,Melanesian,Quire,Analog Circuit Design manager,South Africa
217,Female,Tamil,Paiute,Skinte,Recruiter,China
218,Female,Lithuanian,Thai,Shufflebeat,Payment Adjustment Coordinator,Sweden
219,Male,Burmese,Blackfeet,Centizu,Automation Specialist IV,Ukraine
220,Male,Japanese,White,Babbleopia,Analog Circuit Design manager,Canada
221,Male,Mongolian,Shoshone,Flashset,Nuclear Power Engineer,China
222,Male,Malayalam,Central American,Pixoboo,Quality Control Specialist,Thailand
223,Male,Khmer,Dominican (Dominican Republic),Aimbo,Senior Editor,Cameroon
224,Male,Bislama,Paraguayan,Tagfeed,Speech Pathologist,Myanmar
225,Male,Gujarati,Eskimo,Flashspan,Cost Accountant,Sweden
226,Male,Tswana,Navajo,Linklinks,VP Marketing,Ethiopia
227,Female,Tajik,Apache,BlogXS,Physical Therapy Assistant,Mexico
228,Male,Indonesian,Osage,Topicshots,Tax Accountant,China
229,Male,Swedish,Asian,Browseblab,Data Coordiator,Portugal
230,Male,Kurdish,Chinese,Livetube,Research Assistant I,Indonesia
231,Male,Danish,Chinese,Vitz,GIS Technical Architect,United States
232,Male,Indonesian,Pakistani,Meemm,Dental Hygienist,Indonesia
233,Male,Belarusian,Uruguayan,Bluezoom,Staff Scientist,France
234,Female,Pashto,Thai,Wordify,Electrical Engineer,Brazil
235,Male,Catalan,Pakistani,Twitterworks,Help Desk Technician,Germany
236,Male,Kashmiri,Pakistani,Photofeed,Senior Quality Engineer,Portugal
237,Male,Hungarian,Shoshone,Jaloo,Quality Engineer,Indonesia
238,Male,Guaraní,Puerto Rican,Aibox,Sales Representative,Estonia
239,Male,Icelandic,American Indian and Alaska Native (AIAN),Bubblemix,Project Manager,Brazil
240,Female,Polish,Spaniard,Jabbersphere,Software Engineer II,Palestinian Territory
241,Male,Kurdish,Comanche,Dazzlesphere,Accountant I,Poland
242,Male,Dhivehi,Cambodian,Fivechat,Database Administrator III,Honduras
243,Female,Azeri,Samoan,Lajo,Graphic Designer,Ukraine
244,Male,Assamese,Lumbee,Twiyo,Librarian,China
245,Female,Malay,American Indian,Vimbo,Accounting Assistant I,Russia
246,Female,Tajik,Asian,Mita,Graphic Designer,Philippines
247,Male,Italian,Sri Lankan,Voolia,Data Coordiator,Russia
248,Female,Maltese,Cheyenne,Quatz,Social Worker,Poland
249,Female,Tamil,American Indian and Alaska Native (AIAN),Trunyx,Help Desk Technician,Canada
250,Male,Portuguese,Colombian,Devshare,Executive Secretary,China
251,Female,Gujarati,Apache,Fadeo,Social Worker,Russia
252,Female,Guaraní,Native Hawaiian,Jabbersphere,Electrical Engineer,Yemen
253,Female,Croatian,Colville,Kwideo,Senior Cost Accountant,Russia
254,Female,Somali,Japanese,Ailane,Financial Analyst,Poland
255,Female,Maltese,Ute,Devcast,Administrative Assistant I,Peru
256,Male,Tajik,Korean,Aivee,Technical Writer,Venezuela
257,Male,Amharic,Pakistani,Talane,Executive Secretary,United Arab Emirates
258,Female,West Frisian,Cuban,Fivebridge,Product Engineer,Argentina
259,Male,Hindi,Tlingit-Haida,Zoomlounge,Account Executive,China
260,Female,Papiamento,Menominee,Browseblab,Structural Analysis Engineer,Indonesia
261,Female,Armenian,Laotian,Realbuzz,Assistant Manager,Portugal
262,Male,Maltese,American Indian and Alaska Native (AIAN),Aivee,Editor,Russia
263,Male,Oriya,Argentinian,Myworks,Senior Cost Accountant,China
264,Male,Lao,Cambodian,Viva,Quality Control Specialist,China
265,Female,German,Peruvian,Flipstorm,Senior Quality Engineer,China
266,Male,Albanian,Puerto Rican,Mydeo,Technical Writer,Puerto Rico
267,Female,West Frisian,Guatemalan,Yamia,Cost Accountant,Poland
268,Male,Latvian,Kiowa,Quimm,Financial Analyst,China
269,Female,English,Crow,Fliptune,Social Worker,Vietnam
270,Female,Tetum,Potawatomi,Zava,VP Quality Control,Indonesia
271,Male,Amharic,Sri Lankan,Jetpulse,Legal Assistant,Russia
272,Male,Marathi,Paiute,JumpXS,Programmer Analyst I,Sweden
273,Female,Nepali,Alaska Native,Brightbean,Accountant III,Peru
274,Male,Amharic,Nicaraguan,Buzzster,Structural Engineer,Myanmar
275,Female,Japanese,Tongan,Quimba,Dental Hygienist,Honduras
276,Female,Spanish,Ecuadorian,Yata,Recruiter,Sierra Leone
277,Male,Japanese,Sioux,Skiba,Account Representative II,France
278,Female,Tswana,Polynesian,Twitterlist,Registered Nurse,China
279,Male,Gujarati,Cherokee,Zazio,Assistant Professor,China
280,Male,New Zealand Sign Language,Chamorro,Midel,Analyst Programmer,Malta
281,Female,Luxembourgish,Micronesian,Aivee,Chief Design Engineer,Zimbabwe
282,Female,Pashto,Ute,Babbleopia,Programmer Analyst III,Venezuela
283,Male,English,Navajo,Trudoo,VP Quality Control,Indonesia
284,Female,Irish Gaelic,Indonesian,Browsetype,Financial Analyst,China
285,Male,Romanian,Native Hawaiian and Other Pacific Islander (NHPI),Avamm,Marketing Manager,Bolivia
286,Female,Bosnian,Cambodian,Gabtype,Financial Analyst,Indonesia
287,Male,Papiamento,South American,Skinte,Administrative Assistant I,Ukraine
288,Male,Irish Gaelic,Sri Lankan,Agivu,Geologist IV,Poland
289,Male,Haitian Creole,Tohono O'Odham,Eare,Staff Scientist,Indonesia
290,Male,Punjabi,Shoshone,Devpulse,Assistant Professor,Angola
291,Female,Northern Sotho,Polynesian,Ooba,Marketing Manager,Russia
292,Male,Pashto,Chippewa,InnoZ,VP Quality Control,Syria
293,Male,Punjabi,Thai,Jabberstorm,Accounting Assistant I,Brazil
294,Male,Danish,Yakama,Photofeed,Internal Auditor,Ireland
295,Female,Tamil,Yaqui,Skalith,Database Administrator III,Peru
296,Male,Romanian,Chinese,Vimbo,Sales Associate,Mongolia
297,Male,Polish,American Indian,Yakitri,Account Representative IV,China
298,Female,Malay,American Indian and Alaska Native (AIAN),Yakijo,Senior Financial Analyst,Nicaragua
299,Female,Sotho,Creek,Riffpath,Cost Accountant,North Korea
300,Female,Tswana,Native Hawaiian and Other Pacific Islander (NHPI),Skinix,Registered Nurse,Russia
301,Male,Zulu,Thai,Zoomdog,Software Engineer II,Guadeloupe
302,Female,Armenian,Japanese,Thoughtstorm,Account Coordinator,Argentina
303,Male,Azeri,Shoshone,Zoomcast,Software Test Engineer II,Indonesia
304,Female,Persian,Black or African American,Ozu,Quality Control Specialist,Colombia
305,Male,Dari,Malaysian,Riffwire,Assistant Media Planner,Indonesia
306,Male,Norwegian,Samoan,Aimbu,Technical Writer,Brazil
307,Male,Catalan,Puerto Rican,Voolia,Office Assistant IV,Honduras
308,Male,Sotho,Central American,Cogibox,Research Associate,Palestinian Territory
309,Male,Hindi,Bangladeshi,Avavee,Programmer III,Ukraine
310,Female,Kazakh,Costa Rican,Aimbu,Physical Therapy Assistant,Finland
311,Female,Estonian,Asian,Reallinks,VP Quality Control,Afghanistan
312,Male,Ndebele,Latin American Indian,Skyba,Social Worker,Finland
313,Male,Polish,Indonesian,Rhycero,Junior Executive,Canada
314,Female,Tamil,Tohono O'Odham,Flipbug,Physical Therapy Assistant,Indonesia
315,Male,Montenegrin,Lumbee,Meeveo,Health Coach I,Portugal
316,Male,Northern Sotho,Kiowa,Realcube,VP Product Management,Mongolia
317,Male,New Zealand Sign Language,Taiwanese,Wikido,Dental Hygienist,Thailand
318,Male,Danish,Cheyenne,Einti,Structural Analysis Engineer,Ghana
319,Female,Lithuanian,Thai,Eire,Human Resources Assistant IV,Peru
320,Female,West Frisian,Cherokee,Rooxo,Programmer Analyst I,Russia
321,Female,Portuguese,American Indian and Alaska Native (AIAN),Vidoo,Human Resources Assistant I,China
322,Male,Tsonga,Native Hawaiian,Photobug,Geological Engineer,Germany
323,Male,Oriya,Thai,Twitternation,Office Assistant I,Israel
324,Female,Spanish,Pueblo,Jazzy,Technical Writer,Philippines
325,Female,Moldovan,Native Hawaiian and Other Pacific Islander (NHPI),Rhybox,Registered Nurse,Indonesia
326,Female,Icelandic,Yuman,Gigaclub,Business Systems Development Analyst,Russia
327,Female,Kannada,Costa Rican,Edgepulse,Research Nurse,Chile
328,Female,West Frisian,Puerto Rican,Rhybox,Editor,Sweden
329,Female,Indonesian,Nicaraguan,Skipstorm,Paralegal,Sweden
330,Male,Māori,Puget Sound Salish,Flipstorm,GIS Technical Architect,Poland
331,Male,Malayalam,Cherokee,Zoonder,Research Nurse,Brazil
332,Female,Amharic,Apache,Jazzy,Desktop Support Technician,France
333,Female,Tswana,Pima,Photolist,Research Nurse,Indonesia
334,Male,Malay,Chippewa,Janyx,Marketing Assistant,Egypt
335,Male,Tok Pisin,Venezuelan,InnoZ,Associate Professor,Russia
336,Female,Dhivehi,Mexican,Blogtag,Quality Control Specialist,Egypt
337,Female,Indonesian,Yaqui,Eabox,Research Assistant III,Brazil
338,Female,Kannada,Cree,Zoovu,Environmental Specialist,Philippines
339,Male,Malayalam,Chamorro,Tagchat,Payment Adjustment Coordinator,Portugal
340,Female,Guaraní,Colville,Yabox,Director of Sales,Brazil
341,Male,Mongolian,Mexican,Jetwire,Quality Engineer,Serbia
342,Male,Montenegrin,Asian,Kazio,Quality Control Specialist,Philippines
343,Male,Pashto,Nicaraguan,Brightbean,Human Resources Assistant II,Serbia
344,Female,West Frisian,Ecuadorian,Twimbo,Physical Therapy Assistant,Ecuador
345,Male,Estonian,Osage,Rhynyx,Senior Cost Accountant,Australia
346,Female,Macedonian,Samoan,Skivee,Budget/Accounting Analyst IV,Philippines
347,Female,Tok Pisin,Malaysian,Skyble,Accounting Assistant II,Philippines
348,Female,Bislama,Latin American Indian,Rhycero,Biostatistician III,Vietnam
349,Male,French,Choctaw,Nlounge,Chief Design Engineer,China
350,Male,Ndebele,Aleut,Kazio,Account Coordinator,Russia
351,Male,Croatian,Puget Sound Salish,Meedoo,Account Representative III,France
352,Female,Belarusian,Alaskan Athabascan,Eayo,Automation Specialist II,China
353,Female,Luxembourgish,American Indian,Eire,GIS Technical Architect,Peru
354,Male,Sotho,Mexican,Quimm,Human Resources Assistant II,Brazil
355,Male,Portuguese,Blackfeet,Thoughtstorm,Quality Control Specialist,France
356,Female,Armenian,Taiwanese,Tambee,Project Manager,Indonesia
357,Female,Zulu,Tongan,Livetube,Staff Scientist,Finland
358,Male,Quechua,Samoan,Jabbersphere,Electrical Engineer,Indonesia
359,Female,French,Chippewa,Realbuzz,Technical Writer,Argentina
360,Male,Punjabi,Uruguayan,Bubbletube,Pharmacist,Nigeria
361,Female,Burmese,Melanesian,Wikibox,Account Executive,Philippines
362,Female,Amharic,Cheyenne,Tagfeed,Information Systems Manager,Brazil
363,Female,Pashto,Laotian,Kanoodle,Software Test Engineer III,Russia
364,Female,Māori,Nicaraguan,Livefish,Junior Executive,Nigeria
365,Male,Yiddish,Cambodian,Topicware,Marketing Manager,Sweden
366,Male,Swedish,Panamanian,Divavu,Electrical Engineer,Japan
367,Female,Thai,Japanese,Layo,Structural Engineer,China
368,Male,Danish,Samoan,Ntags,Programmer III,Colombia
369,Female,English,Aleut,Topicshots,Design Engineer,Indonesia
370,Female,Dhivehi,Nicaraguan,Rhybox,Analyst Programmer,Portugal
371,Female,Romanian,Puget Sound Salish,Quatz,VP Product Management,Albania
372,Female,Malayalam,Costa Rican,Avamba,Automation Specialist IV,China
373,Female,West Frisian,Crow,Gabtype,Office Assistant III,Peru
374,Female,Armenian,Chinese,Ainyx,Information Systems Manager,Russia
375,Female,Maltese,Laotian,Kare,Media Manager II,France
376,Female,Haitian Creole,Tohono O'Odham,Twinder,Payment Adjustment Coordinator,Laos
377,Female,Dutch,Micronesian,Zazio,Sales Representative,France
378,Female,Hebrew,Delaware,Thoughtworks,Executive Secretary,Ireland
379,Female,Kurdish,Guamanian,Mudo,Data Coordiator,China
380,Male,Bosnian,Mexican,Shuffledrive,Account Executive,Egypt
381,Female,Polish,Vietnamese,Chatterbridge,Nuclear Power Engineer,Indonesia
382,Female,Polish,Pakistani,Janyx,Dental Hygienist,Sri Lanka
383,Female,Italian,Yaqui,Gabvine,Librarian,Greece
384,Female,Thai,Cuban,Devpulse,VP Marketing,Morocco
385,Female,Dhivehi,Navajo,Camido,Operator,Samoa
386,Male,Romanian,Black or African American,Dabshots,Pharmacist,Cuba
387,Male,Sotho,Alaska Native,Buzzster,Health Coach II,Poland
388,Male,Irish Gaelic,Sioux,Edgetag,Programmer Analyst II,France
389,Female,Aymara,White,Jaxworks,Geologist IV,China
390,Male,Somali,Apache,Linkbridge,Junior Executive,Japan
391,Male,Catalan,Delaware,Browsezoom,Design Engineer,China
392,Female,Kazakh,Honduran,Kayveo,Assistant Professor,China
393,Male,Guaraní,Nicaraguan,Meevee,Senior Financial Analyst,Portugal
394,Male,Gujarati,Taiwanese,Twinte,Nurse Practicioner,Russia
395,Male,Maltese,Cherokee,Oloo,Registered Nurse,Tanzania
396,Female,Persian,Laotian,Fliptune,Systems Administrator II,Poland
397,Male,Sotho,Panamanian,Twinder,Operator,Bosnia and Herzegovina
398,Male,Maltese,Apache,Bluezoom,Help Desk Technician,Albania
399,Female,Lithuanian,Spaniard,Babbleopia,Staff Scientist,China
400,Male,Macedonian,Lumbee,Oloo,Pharmacist,Hungary
401,Male,Tswana,Samoan,Jabbersphere,Recruiter,Sweden
402,Male,Indonesian,Chippewa,Camido,Mechanical Systems Engineer,Germany
403,Female,Romanian,Japanese,Skinder,Computer Systems Analyst II,Japan
404,Male,Kurdish,Sri Lankan,Trudeo,Civil Engineer,Portugal
405,Male,Māori,Ecuadorian,Brainverse,Compensation Analyst,Japan
406,Female,Norwegian,Hmong,Gabtune,Engineer I,Indonesia
407,Male,Italian,Cambodian,Divape,Office Assistant I,Azerbaijan
408,Female,Icelandic,Houma,Twinte,Compensation Analyst,Sweden
409,Female,Kyrgyz,Pakistani,Dynava,Help Desk Operator,France
410,Female,Lithuanian,Argentinian,Oozz,Quality Control Specialist,Greece
411,Female,Khmer,Samoan,Eidel,Account Executive,Albania
412,Male,Hindi,Pima,Tanoodle,Software Test Engineer IV,China
413,Male,Georgian,Panamanian,Browsecat,Account Coordinator,Senegal
414,Male,West Frisian,Pima,Kimia,Environmental Tech,Mexico
415,Male,Swahili,Central American,Gabcube,Senior Sales Associate,Kenya
416,Male,Korean,Ottawa,Jabbercube,Data Coordiator,China
417,Male,Romanian,Chippewa,Shuffletag,General Manager,Dominican Republic
418,Female,Dutch,Puerto Rican,Eamia,Civil Engineer,United States
419,Male,Estonian,Venezuelan,Camimbo,Dental Hygienist,Brazil
420,Male,Croatian,Honduran,Blogspan,Software Engineer II,Japan
421,Male,Lao,Spaniard,Browsedrive,Media Manager III,Malawi
422,Female,Tok Pisin,Iroquois,Skipstorm,Marketing Assistant,China
423,Female,Greek,Melanesian,Jabbercube,Sales Representative,Colombia
424,Male,Dari,Central American,Topicstorm,Programmer III,Germany
425,Male,Georgian,Nicaraguan,Kwimbee,Tax Accountant,Philippines
426,Female,Nepali,Dominican (Dominican Republic),Topiclounge,Associate Professor,France
427,Female,Yiddish,Indonesian,Zoozzy,Financial Advisor,Portugal
428,Female,Spanish,Seminole,Quinu,Marketing Manager,China
429,Female,Czech,Kiowa,Eayo,Account Coordinator,Philippines
430,Female,Romanian,Osage,Jaxnation,Human Resources Assistant IV,China
431,Male,Swahili,Iroquois,Feedfish,Programmer Analyst III,Sweden
432,Male,Zulu,Paiute,Gabtune,Payment Adjustment Coordinator,China
433,Female,Japanese,Ecuadorian,Trudoo,Account Representative III,Ghana
434,Male,Zulu,Chamorro,Agimba,Information Systems Manager,China
435,Male,Catalan,Crow,Jaxnation,Nurse,Brazil
436,Female,Bosnian,Yaqui,Yabox,Budget/Accounting Analyst IV,Portugal
437,Female,Bosnian,Venezuelan,Leexo,Assistant Manager,China
438,Female,Sotho,Chickasaw,Eadel,Structural Analysis Engineer,Croatia
439,Female,Greek,Alaska Native,Vimbo,Chemical Engineer,Bahamas
440,Female,Malay,Taiwanese,Voomm,Junior Executive,Greece
441,Female,Italian,Laotian,Kazio,Environmental Specialist,French Polynesia
442,Female,Zulu,Cambodian,Aibox,Geologist IV,Philippines
443,Female,Lithuanian,Native Hawaiian and Other Pacific Islander (NHPI),Einti,Accountant IV,Philippines
444,Female,Catalan,Asian,Trudeo,Physical Therapy Assistant,American Samoa
445,Male,Bulgarian,Cuban,Fivespan,Dental Hygienist,Philippines
446,Male,Japanese,Melanesian,Jaxnation,Payment Adjustment Coordinator,Israel
447,Male,Icelandic,White,Bubbletube,Assistant Professor,China
448,Female,Kashmiri,Chilean,Kwilith,Automation Specialist IV,Sweden
449,Female,Finnish,Guamanian,Youspan,Recruiting Manager,Thailand
450,Male,Ndebele,Japanese,Abata,Administrative Assistant III,Croatia
451,Male,Catalan,Cree,Riffpedia,Food Chemist,Egypt
452,Female,Malayalam,Peruvian,Zooveo,VP Marketing,Dominican Republic
453,Male,Malayalam,Uruguayan,Buzzdog,Staff Scientist,China
454,Male,Pashto,Dominican (Dominican Republic),Topicblab,Internal Auditor,China
455,Male,Portuguese,Choctaw,Ntags,Food Chemist,Ukraine
456,Female,Northern Sotho,Paiute,Wordware,Compensation Analyst,Mongolia
457,Female,Irish Gaelic,Spaniard,Nlounge,Assistant Media Planner,Brazil
458,Female,Māori,Yaqui,Jabberstorm,Food Chemist,China
459,Female,Kurdish,Asian Indian,Fatz,Financial Advisor,France
460,Male,Dari,Houma,Feedfire,Chief Design Engineer,Austria
461,Female,German,Uruguayan,Yakitri,Administrative Assistant III,France
462,Female,Malay,American Indian,Roomm,Legal Assistant,United States
463,Female,Moldovan,Bangladeshi,Browsedrive,Software Engineer II,Ukraine
464,Male,Gagauz,Ottawa,Dabtype,Help Desk Technician,China
465,Female,Danish,Shoshone,Kwilith,Actuary,Serbia
466,Male,Dhivehi,Yaqui,Topicblab,Marketing Assistant,Honduras
467,Male,English,Guatemalan,Thoughtbridge,Geologist I,China
468,Female,English,Yuman,Mydeo,Research Associate,Portugal
469,Female,Dhivehi,Houma,Vidoo,Accountant I,Morocco
470,Female,Spanish,Seminole,Photofeed,General Manager,China
471,Male,Korean,Yuman,Yadel,VP Quality Control,China
472,Female,Finnish,Venezuelan,Eidel,Analyst Programmer,France
473,Male,Ndebele,Sioux,Muxo,Human Resources Assistant I,Sweden
474,Female,Amharic,Costa Rican,Realbridge,Executive Secretary,China
475,Male,Japanese,Indonesian,Quire,Financial Advisor,Czech Republic
476,Male,Gagauz,Japanese,Aivee,Sales Representative,China
477,Female,Assamese,Tongan,Fivechat,Nurse,Philippines
478,Female,Tok Pisin,Iroquois,Gabtype,Recruiter,Indonesia
479,Male,Belarusian,Pima,Gigaclub,Dental Hygienist,Djibouti
480,Male,Tswana,American Indian,Thoughtbeat,Statistician I,China
481,Male,Assamese,Lumbee,Fivebridge,Nurse Practicioner,China
482,Male,Moldovan,Sioux,Trupe,Sales Representative,Indonesia
483,Female,Japanese,Apache,Gevee,Recruiting Manager,Estonia
484,Male,Azeri,Chippewa,Trunyx,Safety Technician II,Poland
485,Female,Mongolian,Colombian,Roombo,Cost Accountant,Ukraine
486,Female,Macedonian,Cambodian,Buzzshare,Recruiting Manager,Philippines
487,Male,Amharic,Spaniard,Mynte,Web Developer III,China
488,Female,Kazakh,Korean,Thoughtstorm,Social Worker,Kosovo
489,Female,Estonian,Samoan,Devify,Quality Engineer,Indonesia
490,Female,Hebrew,Native Hawaiian and Other Pacific Islander (NHPI),Youspan,Tax Accountant,United States
491,Male,Nepali,Taiwanese,Zoozzy,Senior Financial Analyst,Russia
492,Male,Indonesian,Colombian,Gabtype,Sales Associate,Indonesia
493,Female,Oriya,Fijian,Jetwire,Business Systems Development Analyst,Philippines
494,Female,Papiamento,Laotian,Feedbug,General Manager,Slovenia
495,Male,Spanish,Houma,Zava,Senior Quality Engineer,China
496,Female,Spanish,Navajo,Kwimbee,Accounting Assistant IV,China
497,Female,Azeri,Korean,Yozio,Account Representative II,Greece
498,Male,Croatian,Venezuelan,Kwimbee,Recruiting Manager,China
499,Male,Northern Sotho,Ottawa,Ainyx,Dental Hygienist,Brazil
500,Male,Portuguese,Bangladeshi,Cogidoo,Research Nurse,United States
501,Male,Bosnian,Guatemalan,Topiclounge,Professor,Sweden
502,Female,Telugu,Melanesian,Twitterbeat,Project Manager,Japan
503,Male,Sotho,Tohono O'Odham,Ooba,Account Coordinator,Indonesia
504,Male,Filipino,Tohono O'Odham,Kayveo,Product Engineer,Bulgaria
505,Female,Bulgarian,Hmong,Youfeed,Systems Administrator II,Norway
506,Male,Aymara,Kiowa,Topicshots,Design Engineer,China
507,Female,Maltese,Korean,Skyvu,Senior Editor,China
508,Male,Macedonian,Lumbee,Shufflester,Administrative Officer,Ukraine
509,Male,Montenegrin,Crow,Dynava,Assistant Professor,Brazil
510,Female,Aymara,Panamanian,Youspan,Nuclear Power Engineer,Russia
511,Female,Maltese,Eskimo,Devcast,Engineer I,Canada
512,Male,Dhivehi,Houma,Skidoo,Occupational Therapist,Indonesia
513,Female,Papiamento,Ute,Topicstorm,Senior Cost Accountant,France
514,Male,French,Mexican,Flashpoint,Technical Writer,Cuba
515,Female,Northern Sotho,Puget Sound Salish,Roodel,Senior Quality Engineer,China
516,Male,Gujarati,Colville,Mydeo,VP Sales,Philippines
517,Male,Macedonian,Asian Indian,Meembee,Senior Editor,Japan
518,Male,Malay,Hmong,Devshare,Staff Scientist,China
519,Male,Japanese,Laotian,Shufflester,Administrative Assistant I,Russia
520,Female,Dutch,Blackfeet,Thoughtsphere,Compensation Analyst,Sweden
521,Female,Chinese,Paiute,Divanoodle,Recruiter,Malaysia
522,Male,Burmese,Osage,Mudo,Desktop Support Technician,South Korea
523,Female,Oriya,Fijian,Gabcube,Mechanical Systems Engineer,Poland
524,Female,Tetum,Chamorro,Tagcat,Staff Scientist,Poland
525,Female,Japanese,Honduran,Wikido,Information Systems Manager,Indonesia
526,Male,Tetum,Navajo,Buzzbean,Account Executive,Indonesia
527,Female,Nepali,Ute,Meevee,Senior Developer,Indonesia
528,Female,Swahili,Cheyenne,Edgewire,Legal Assistant,Indonesia
529,Female,Sotho,Colombian,Twitterwire,Web Developer I,Russia
530,Female,Lithuanian,Thai,Skyble,Mechanical Systems Engineer,Indonesia
531,Male,Hungarian,Vietnamese,Thoughtbeat,Clinical Specialist,Brazil
532,Male,Dari,Native Hawaiian,Oyoba,Junior Executive,Finland
533,Female,Luxembourgish,Sioux,Oyonder,Analyst Programmer,China
534,Male,Hebrew,Guamanian,Skyndu,Physical Therapy Assistant,Indonesia
535,Female,Assamese,Vietnamese,Browseblab,Marketing Assistant,United States
536,Male,Kazakh,Polynesian,Yacero,Operator,United States
537,Male,Tok Pisin,Polynesian,Twitterlist,Administrative Assistant IV,Sweden
538,Female,Irish Gaelic,Blackfeet,Quinu,Nurse,Indonesia
539,Female,Tswana,Argentinian,Digitube,Clinical Specialist,Lithuania
540,Female,Sotho,Potawatomi,Voolia,Food Chemist,Uzbekistan
541,Female,Polish,Alaska Native,Tagtune,Payment Adjustment Coordinator,Mongolia
542,Female,Swahili,Samoan,Eadel,Mechanical Systems Engineer,Brazil
543,Female,Bulgarian,Costa Rican,Voomm,Mechanical Systems Engineer,Indonesia
544,Female,Finnish,Honduran,Zoonoodle,Clinical Specialist,China
545,Male,Persian,Uruguayan,Meevee,Developer II,Indonesia
546,Female,Portuguese,Delaware,Edgeclub,Chief Design Engineer,Argentina
547,Male,Gujarati,Salvadoran,Divanoodle,Senior Cost Accountant,Indonesia
548,Female,Montenegrin,Filipino,Abata,Structural Engineer,Armenia
549,Female,Thai,Tlingit-Haida,Flashspan,Help Desk Technician,Ukraine
550,Male,Nepali,Chippewa,Mydeo,Mechanical Systems Engineer,Russia
551,Male,Gujarati,Comanche,Yakidoo,Human Resources Manager,Cuba
552,Female,Zulu,Laotian,Dynabox,Nurse,Nigeria
553,Male,Swati,Delaware,Livefish,Senior Quality Engineer,Armenia
554,Female,Icelandic,Delaware,Flipbug,Financial Analyst,Germany
555,Male,Haitian Creole,Houma,Dabtype,Actuary,China
556,Female,Dzongkha,Cree,Npath,Quality Engineer,Portugal
557,Female,Assamese,Chinese,Fivespan,Web Developer II,Philippines
558,Female,Assamese,Korean,Lazzy,Environmental Tech,Bolivia
559,Female,Kyrgyz,Bangladeshi,Thoughtworks,Developer II,Libya
560,Female,Tsonga,Cheyenne,Vitz,Health Coach III,Thailand
561,Male,Zulu,Blackfeet,Youtags,Actuary,Philippines
562,Male,Korean,Colville,Topdrive,Design Engineer,Hungary
563,Female,Māori,Puget Sound Salish,Flipstorm,Recruiter,Yemen
564,Male,Armenian,Panamanian,Zoozzy,Web Developer II,China
565,Female,Dari,Crow,Dabtype,Graphic Designer,China
566,Female,Lithuanian,Crow,Photobug,Design Engineer,Iran
567,Male,Mongolian,Creek,Feedfire,Data Coordiator,Indonesia
568,Female,Amharic,Crow,Zazio,Web Designer II,China
569,Male,Tamil,Spaniard,Skaboo,Account Representative IV,Poland
570,Female,Punjabi,Apache,Rhycero,Programmer II,Nigeria
571,Female,Macedonian,Native Hawaiian,Topicware,Staff Accountant IV,Nigeria
572,Male,Croatian,Black or African American,Riffwire,Administrative Officer,China
573,Female,Hungarian,Native Hawaiian and Other Pacific Islander (NHPI),Jabberbean,Pharmacist,France
574,Female,Bengali,Asian Indian,Flipstorm,Chemical Engineer,Russia
575,Male,Macedonian,Thai,Riffwire,Payment Adjustment Coordinator,Poland
576,Female,Burmese,Indonesian,Twitternation,Social Worker,Chile
577,Male,Oriya,Cambodian,Wikibox,Office Assistant III,Czech Republic
578,Male,Dhivehi,Native Hawaiian,Browseblab,Senior Financial Analyst,Czech Republic
579,Male,Italian,Chippewa,Feedfish,Financial Advisor,China
580,Female,Northern Sotho,Taiwanese,Voonyx,Director of Sales,China
581,Female,Ndebele,Micronesian,Devify,Senior Editor,Indonesia
582,Female,Amharic,Ecuadorian,Fivebridge,Research Assistant IV,China
583,Female,Catalan,Micronesian,Fivechat,VP Product Management,Italy
584,Female,Moldovan,Chinese,Trupe,Civil Engineer,Argentina
585,Male,Maltese,Osage,Skipstorm,Accountant III,Lebanon
586,Male,Haitian Creole,Guatemalan,Tagopia,Sales Representative,Czech Republic
587,Male,Marathi,Taiwanese,Twitterbridge,Budget/Accounting Analyst III,Russia
588,Female,Dari,Shoshone,Zooveo,Project Manager,Greece
589,Female,Spanish,Aleut,Jabberbean,Chief Design Engineer,Albania
590,Female,Danish,Ecuadorian,Bubblemix,Associate Professor,China
591,Male,Lao,Native Hawaiian,Devpoint,Graphic Designer,China
592,Male,Montenegrin,Puget Sound Salish,JumpXS,Structural Analysis Engineer,Poland
593,Female,Chinese,Menominee,Youtags,Chemical Engineer,Mauritius
594,Female,Malayalam,Eskimo,Zava,VP Product Management,Nigeria
595,Male,Burmese,Taiwanese,Topicware,Analog Circuit Design manager,Egypt
596,Male,Māori,Nicaraguan,Mudo,Software Consultant,Russia
597,Female,Māori,Paiute,Agivu,Dental Hygienist,Poland
598,Male,Papiamento,Seminole,Midel,Structural Engineer,China
599,Female,Dari,Creek,Riffpath,Nuclear Power Engineer,China
600,Male,Fijian,South American,Devify,Professor,Uzbekistan
601,Female,Danish,Samoan,Yotz,Software Engineer II,China
602,Female,Estonian,Tongan,Gabtype,Software Consultant,Philippines
603,Male,Maltese,Pueblo,JumpXS,Health Coach IV,China
604,Female,Georgian,South American,Youbridge,Programmer Analyst II,Indonesia
605,Female,Indonesian,Fijian,Tagchat,Data Coordiator,China
606,Male,Hebrew,Blackfeet,Jaxspan,Payment Adjustment Coordinator,Honduras
607,Male,Spanish,Ottawa,Talane,Associate Professor,Argentina
608,Female,Dzongkha,Latin American Indian,Youfeed,Administrative Assistant II,Indonesia
609,Male,Swahili,Thai,Youopia,Cost Accountant,Taiwan
610,Male,Tok Pisin,Alaska Native,Gevee,Business Systems Development Analyst,Sweden
611,Female,Polish,Venezuelan,Yakijo,Developer III,Colombia
612,Female,Filipino,Latin American Indian,Voonder,Graphic Designer,Portugal
613,Male,Tajik,Salvadoran,Gevee,Statistician II,Brazil
614,Male,Dari,Guamanian,Voonte,Assistant Media Planner,China
615,Female,Lithuanian,Costa Rican,Brainbox,GIS Technical Architect,Poland
616,Female,Kashmiri,Potawatomi,Twitterbeat,Sales Representative,Colombia
617,Male,Aymara,Paraguayan,Gabcube,Senior Financial Analyst,Mexico
618,Male,Estonian,Alaskan Athabascan,Eimbee,Assistant Media Planner,Indonesia
619,Female,Tsonga,Lumbee,Feedbug,Payment Adjustment Coordinator,China
620,Male,Tsonga,Nicaraguan,Tagcat,Chief Design Engineer,France
621,Female,English,Chamorro,Flipstorm,Clinical Specialist,Philippines
622,Female,French,Hmong,Thoughtbridge,Graphic Designer,China
623,Female,Luxembourgish,Blackfeet,Yozio,Mechanical Systems Engineer,Sweden
624,Female,Norwegian,Native Hawaiian and Other Pacific Islander (NHPI),Eabox,Payment Adjustment Coordinator,China
625,Male,Maltese,Eskimo,Yombu,Assistant Manager,Nigeria
626,Female,Afrikaans,Yuman,Skivee,Research Associate,Indonesia
627,Male,Portuguese,Tongan,Bubblemix,Nurse Practicioner,Brazil
628,Female,Lithuanian,Eskimo,Meevee,Software Test Engineer II,Serbia
629,Female,Gagauz,Paiute,Mybuzz,Technical Writer,Indonesia
630,Male,Norwegian,Delaware,Quinu,Recruiting Manager,Philippines
631,Female,Hebrew,Cuban,Youopia,Structural Analysis Engineer,Indonesia
632,Female,Chinese,Cheyenne,Wikivu,Graphic Designer,Peru
633,Female,Belarusian,Creek,Quamba,Web Designer IV,China
634,Male,Lithuanian,Tongan,Skibox,Financial Analyst,China
635,Female,Arabic,Samoan,Tazzy,Human Resources Assistant III,Egypt
636,Male,Montenegrin,Chamorro,Fivechat,Senior Developer,Austria
637,Male,Bulgarian,Potawatomi,Feedspan,Financial Analyst,Indonesia
638,Male,Dutch,Osage,Aimbu,Office Assistant I,China
639,Female,Moldovan,Central American,Quinu,Staff Accountant III,Belarus
640,Male,Bengali,Alaska Native,Innotype,VP Accounting,Russia
641,Female,Kashmiri,Aleut,Podcat,Analyst Programmer,Portugal
642,Female,Swati,Latin American Indian,Youbridge,Operator,Russia
643,Female,Thai,Sioux,Zoomzone,Help Desk Operator,Mexico
644,Female,Yiddish,Honduran,Browsebug,Data Coordiator,China
645,Male,Pashto,Alaska Native,Yotz,Environmental Tech,Netherlands
646,Male,Indonesian,Chamorro,Thoughtbeat,Legal Assistant,Colombia
647,Male,Nepali,Yuman,Dabshots,Assistant Media Planner,China
648,Male,Italian,Tongan,Oyoyo,Business Systems Development Analyst,Nigeria
649,Female,Moldovan,Chilean,Trupe,Administrative Officer,China
650,Male,Croatian,Hmong,Fadeo,Social Worker,Tanzania
651,Female,West Frisian,Samoan,Blogspan,Professor,China
652,Male,Georgian,Hmong,Bubblebox,Payment Adjustment Coordinator,Portugal
653,Male,Swati,Cuban,Mymm,Structural Engineer,Italy
654,Female,Swahili,Houma,Photobug,Web Developer II,Dominican Republic
655,Male,Thai,Uruguayan,Eidel,Nuclear Power Engineer,China
656,Male,Lithuanian,Honduran,Yombu,Senior Financial Analyst,Indonesia
657,Female,Dhivehi,Blackfeet,Kanoodle,Programmer Analyst II,Bosnia and Herzegovina
658,Female,Swedish,Potawatomi,Meevee,Nuclear Power Engineer,Iran
659,Female,Albanian,Thai,Zoonder,Financial Advisor,Indonesia
660,Male,Finnish,Malaysian,Quinu,Information Systems Manager,Pakistan
661,Male,Fijian,Creek,Buzzbean,Account Coordinator,Indonesia
662,Female,Romanian,Paraguayan,Fivebridge,Technical Writer,Portugal
663,Male,Moldovan,Eskimo,Photolist,Web Designer III,China
664,Male,Malagasy,American Indian and Alaska Native (AIAN),Divavu,Nurse Practicioner,China
665,Male,Afrikaans,Laotian,Demimbu,Staff Accountant III,Poland
666,Male,Papiamento,Cheyenne,Trilith,Assistant Media Planner,Russia
667,Female,Croatian,Chilean,Livetube,Analog Circuit Design manager,Poland
668,Female,Hebrew,Colombian,Buzzdog,General Manager,China
669,Male,Kannada,Cheyenne,Chatterbridge,Accounting Assistant I,Thailand
670,Male,Bosnian,Panamanian,Tekfly,Dental Hygienist,Brazil
671,Male,Hebrew,Tohono O'Odham,Dabshots,Nuclear Power Engineer,Cyprus
672,Male,Korean,Colville,Zoombeat,Sales Associate,China
673,Male,Spanish,Colville,Jabbersphere,Pharmacist,Ukraine
674,Female,Dari,Peruvian,Rhybox,Budget/Accounting Analyst III,Argentina
675,Male,Guaraní,Potawatomi,Yodo,Paralegal,Panama
676,Female,Norwegian,Cree,Meetz,Accounting Assistant III,Russia
677,Female,Polish,American Indian and Alaska Native (AIAN),Fiveclub,Sales Associate,Malaysia
678,Male,Kazakh,Osage,Brainlounge,Budget/Accounting Analyst III,Philippines
679,Male,Norwegian,Choctaw,Pixoboo,Programmer Analyst IV,France
680,Female,Hiri Motu,Cherokee,Voonyx,Community Outreach Specialist,China
681,Female,Māori,Fijian,Cogilith,Senior Financial Analyst,Thailand
682,Female,Macedonian,Honduran,Divanoodle,Internal Auditor,China
683,Male,Moldovan,South American,Devbug,Research Associate,Peru
684,Male,Tswana,Creek,Livetube,VP Quality Control,Thailand
685,Female,Marathi,Pakistani,Leenti,Analog Circuit Design manager,Egypt
686,Female,Burmese,Korean,Gevee,General Manager,Ukraine
687,Female,Fijian,Cuban,Wikido,VP Sales,Portugal
688,Male,West Frisian,Native Hawaiian,Tagchat,Programmer Analyst I,Philippines
689,Male,Punjabi,South American,Eadel,Account Representative IV,Bulgaria
690,Female,Portuguese,Indonesian,Twitterworks,Budget/Accounting Analyst I,Philippines
691,Female,Assamese,Seminole,Kaymbo,Environmental Tech,Ukraine
692,Female,Georgian,Cheyenne,Meejo,Safety Technician I,Indonesia
693,Female,Afrikaans,Malaysian,Oba,Sales Representative,Indonesia
694,Male,Maltese,Bangladeshi,Kare,Civil Engineer,Bolivia
695,Male,Sotho,Paraguayan,Eire,Recruiting Manager,Russia
696,Male,Bengali,Hmong,Mudo,Civil Engineer,Costa Rica
697,Female,Guaraní,Peruvian,Twitternation,Senior Financial Analyst,Philippines
698,Male,Lithuanian,American Indian and Alaska Native (AIAN),Vinte,Geological Engineer,Canada
699,Female,Estonian,Bangladeshi,Dabfeed,Research Assistant IV,Czech Republic
700,Male,Telugu,Crow,Yombu,Senior Developer,Russia
701,Male,French,Melanesian,Gabtype,Environmental Tech,Russia
702,Female,Telugu,Chickasaw,Bubblemix,Mechanical Systems Engineer,Brazil
703,Female,Tsonga,Cheyenne,Skyble,Food Chemist,Venezuela
704,Male,Filipino,Panamanian,Dabshots,Nurse,China
705,Female,Belarusian,Native Hawaiian,Realpoint,Human Resources Assistant III,Czech Republic
706,Male,Papiamento,Eskimo,Dabjam,Research Assistant I,Brazil
707,Male,Papiamento,Korean,Skiba,Programmer II,Indonesia
708,Female,Khmer,Venezuelan,Mita,Quality Engineer,Netherlands
709,Female,Latvian,Taiwanese,Thoughtbeat,VP Product Management,Indonesia
710,Male,Japanese,Lumbee,Dabvine,Engineer II,Indonesia
711,Male,Tajik,Asian Indian,Shufflebeat,Senior Editor,Indonesia
712,Female,Japanese,Native Hawaiian and Other Pacific Islander (NHPI),Jamia,VP Sales,Mexico
713,Female,Tetum,Latin American Indian,Eare,Account Coordinator,Portugal
714,Male,English,Paraguayan,Shuffletag,Environmental Tech,Russia
715,Male,Icelandic,Crow,Feedbug,Technical Writer,Russia
716,Female,Czech,Blackfeet,Bluejam,Computer Systems Analyst I,Philippines
717,Male,Haitian Creole,Asian,Oyope,Assistant Professor,Indonesia
718,Female,Tajik,Cree,Oyoba,Recruiter,Poland
719,Female,Estonian,Kiowa,Oyonder,Civil Engineer,Vietnam
720,Female,Macedonian,Chickasaw,Tagfeed,Financial Advisor,Taiwan
721,Male,Latvian,Korean,Dabshots,Teacher,Brazil
722,Female,Lithuanian,Chilean,Youspan,Staff Accountant III,China
723,Female,Malay,Fijian,Realbuzz,VP Accounting,Iran
724,Male,Somali,Colombian,Oyonder,Office Assistant IV,Greece
725,Female,Albanian,Creek,Photobean,Research Assistant IV,Indonesia
726,Male,Czech,Uruguayan,Skippad,Assistant Professor,Indonesia
727,Female,Kyrgyz,Sri Lankan,Innojam,Nurse,China
728,Female,Kannada,Tongan,Dabtype,VP Product Management,Poland
729,Male,Icelandic,Yuman,Myworks,VP Marketing,Cameroon
730,Male,Quechua,Apache,Realbuzz,Biostatistician III,Indonesia
731,Female,Kazakh,Salvadoran,Janyx,Human Resources Assistant III,Mexico
732,Male,Afrikaans,Native Hawaiian,Quaxo,Web Designer III,Argentina
733,Female,New Zealand Sign Language,Hmong,Realbridge,Quality Engineer,Indonesia
734,Female,Malay,Laotian,Voonder,Systems Administrator IV,China
735,Female,Yiddish,Venezuelan,Ooba,Environmental Tech,Indonesia
736,Male,Telugu,Paiute,Jetpulse,Geological Engineer,China
737,Male,West Frisian,Seminole,Ooba,General Manager,Brazil
738,Female,Burmese,Nicaraguan,Podcat,Programmer Analyst II,Thailand
739,Female,Chinese,Aleut,Wikibox,Community Outreach Specialist,Colombia
740,Male,Armenian,American Indian and Alaska Native (AIAN),Yakidoo,Speech Pathologist,Russia
741,Female,Mongolian,Pueblo,Meeveo,Nurse Practicioner,Thailand
742,Male,Tok Pisin,Chilean,Blogpad,Occupational Therapist,Philippines
743,Male,Guaraní,Indonesian,Zoomzone,Marketing Manager,Brazil
744,Male,Montenegrin,Malaysian,Gabvine,Systems Administrator II,China
745,Female,Dzongkha,Pima,Gabtype,Civil Engineer,Poland
746,Female,Malagasy,White,Devcast,Compensation Analyst,Sweden
747,Male,Hebrew,Chamorro,Ozu,Quality Engineer,Thailand
748,Female,Bosnian,Black or African American,Trilith,Technical Writer,China
749,Female,Macedonian,Lumbee,Dabshots,Technical Writer,Indonesia
750,Female,Mongolian,Japanese,Flashdog,Cost Accountant,Central African Republic
751,Male,Catalan,Micronesian,Zoonder,Director of Sales,Indonesia
752,Female,Finnish,Peruvian,Eabox,Nuclear Power Engineer,Ukraine
753,Female,Haitian Creole,Pima,Zazio,Senior Editor,Sri Lanka
754,Male,Hungarian,Melanesian,JumpXS,Speech Pathologist,Canada
755,Female,New Zealand Sign Language,Yuman,BlogXS,Computer Systems Analyst II,Central African Republic
756,Male,Latvian,Spaniard,Livetube,Software Consultant,Iceland
757,Female,Albanian,Apache,Wordware,Social Worker,Netherlands
758,Female,Dzongkha,Latin American Indian,Flipopia,Programmer Analyst I,Ghana
759,Male,Dhivehi,Colville,Skyble,Product Engineer,Indonesia
760,Female,Czech,South American,Blogspan,Dental Hygienist,Russia
761,Male,Estonian,Alaskan Athabascan,Quatz,Recruiter,China
762,Male,Thai,Chinese,Bubblebox,Analog Circuit Design manager,Indonesia
763,Female,Catalan,Navajo,Blogtag,Associate Professor,Sweden
764,Female,Bulgarian,Thai,Divavu,Statistician IV,Brazil
765,Female,Filipino,American Indian,Katz,Geological Engineer,Indonesia
766,Female,Lao,Nicaraguan,Zooveo,Biostatistician IV,Albania
767,Female,French,Kiowa,Dynabox,Research Assistant IV,Philippines
768,Female,Danish,Indonesian,Oyoba,Chief Design Engineer,Nigeria
769,Female,Persian,Tongan,Meetz,Internal Auditor,Indonesia
770,Female,Assamese,Yaqui,Twimm,Senior Sales Associate,Malaysia
771,Female,Swahili,Bolivian,Plambee,Editor,Poland
772,Male,Polish,Ottawa,Skinte,General Manager,Colombia
773,Male,Quechua,Houma,Chatterpoint,Electrical Engineer,China
774,Male,Luxembourgish,Indonesian,Mycat,Systems Administrator I,Argentina
775,Female,Assamese,Guatemalan,Oyonder,Cost Accountant,China
776,Female,Greek,Colville,Yodoo,Community Outreach Specialist,Bhutan
777,Male,Tswana,Crow,Pixoboo,Graphic Designer,Honduras
778,Male,Malay,Cherokee,Roombo,Internal Auditor,Poland
779,Female,Chinese,Spaniard,Vinder,Senior Editor,China
780,Female,German,Bangladeshi,Leenti,Administrative Officer,North Korea
781,Female,Burmese,Osage,Kwinu,Marketing Assistant,Portugal
782,Female,Persian,Sioux,Topiczoom,VP Marketing,Indonesia
783,Male,Kyrgyz,Creek,Gabvine,Sales Representative,Brazil
784,Female,Yiddish,Navajo,Ailane,Operator,Brazil
785,Male,New Zealand Sign Language,Native Hawaiian and Other Pacific Islander (NHPI),Quimba,Electrical Engineer,China
786,Female,Dhivehi,Chippewa,DabZ,Safety Technician I,Macedonia
787,Female,Malagasy,Puerto Rican,Minyx,Assistant Media Planner,China
788,Female,Amharic,Chinese,Feedspan,Compensation Analyst,Pakistan
789,Female,Swahili,Guatemalan,Gigazoom,Senior Sales Associate,Portugal
790,Female,Chinese,Venezuelan,Flashdog,Dental Hygienist,Belarus
791,Female,Aymara,Colville,Blogtags,Senior Sales Associate,Peru
792,Female,Luxembourgish,Tongan,Vinte,Accountant I,Vietnam
793,Male,Estonian,Polynesian,Skinte,Software Consultant,Thailand
794,Female,Macedonian,Apache,Twinder,Budget/Accounting Analyst II,Tunisia
795,Female,Georgian,Pima,Voomm,VP Quality Control,China
796,Female,Swati,Vietnamese,Youspan,Pharmacist,Russia
797,Female,Persian,Melanesian,Teklist,VP Sales,China
798,Female,Kazakh,Cree,Blogspan,Executive Secretary,Russia
799,Male,Yiddish,Latin American Indian,Teklist,Administrative Assistant IV,Croatia
800,Female,Montenegrin,Colville,Meembee,Computer Systems Analyst III,France
801,Female,Malay,Salvadoran,Centizu,Accountant IV,Japan
802,Female,Czech,Bolivian,Shuffletag,Staff Scientist,Sweden
803,Female,Finnish,Malaysian,Divanoodle,Geologist I,Indonesia
804,Male,Malagasy,Menominee,Ozu,Systems Administrator I,Indonesia
805,Male,Tamil,Filipino,Pixonyx,General Manager,Indonesia
806,Male,Khmer,Peruvian,Buzzshare,Health Coach III,Indonesia
807,Male,Oriya,Osage,Jaloo,Developer I,Philippines
808,Male,German,Asian,Riffpath,Internal Auditor,Bangladesh
809,Female,Persian,Creek,Avaveo,Dental Hygienist,Japan
810,Female,Bosnian,Chinese,Twitterworks,Editor,Philippines
811,Male,Georgian,Japanese,Vitz,Web Developer III,Philippines
812,Male,Burmese,Filipino,Camido,Administrative Assistant III,Armenia
813,Male,Moldovan,Spaniard,Brainsphere,Statistician IV,Sweden
814,Female,Filipino,Vietnamese,Bubbletube,Internal Auditor,Philippines
815,Female,Azeri,Lumbee,Teklist,Sales Representative,Norway
816,Female,Malay,Paraguayan,Skyba,Nurse Practicioner,Philippines
817,Male,Pashto,Comanche,Mybuzz,Design Engineer,Peru
818,Female,Finnish,Native Hawaiian,Realfire,Occupational Therapist,China
819,Female,Tsonga,Mexican,Devcast,Nurse Practicioner,Indonesia
820,Male,Hungarian,Alaska Native,Agimba,Staff Accountant III,Sweden
821,Male,English,Chamorro,Muxo,VP Product Management,Panama
822,Male,Lithuanian,Yuman,Skippad,Graphic Designer,China
823,Female,Montenegrin,Ottawa,Eidel,Teacher,France
824,Male,Macedonian,American Indian,Fadeo,Teacher,Russia
825,Female,Amharic,Indonesian,Yadel,Paralegal,France
826,Female,Japanese,Tongan,Podcat,Data Coordiator,Ukraine
827,Female,Haitian Creole,Malaysian,Oyoyo,Senior Financial Analyst,Russia
828,Female,Dhivehi,Filipino,Kare,Nurse,Greece
829,Male,Malagasy,Apache,Layo,Business Systems Development Analyst,Thailand
830,Female,Montenegrin,Peruvian,Photospace,Account Representative I,China
831,Female,Kyrgyz,Cheyenne,Skimia,Staff Scientist,Poland
832,Male,Filipino,Ecuadorian,Devbug,Nuclear Power Engineer,China
833,Female,Moldovan,Paiute,Divavu,Dental Hygienist,France
834,Male,German,Cuban,LiveZ,Environmental Tech,Colombia
835,Female,Moldovan,Hmong,Yambee,Research Assistant II,China
836,Male,Mongolian,Creek,Shuffletag,Senior Cost Accountant,Poland
837,Female,Norwegian,Cree,Skiptube,Senior Editor,Poland
838,Female,Filipino,Black or African American,Meemm,VP Accounting,Belarus
839,Male,Swati,Venezuelan,Livepath,Financial Advisor,Indonesia
840,Male,Punjabi,Puerto Rican,Oba,Physical Therapy Assistant,Guatemala
841,Female,Dhivehi,Taiwanese,Jabbersphere,Systems Administrator I,China
842,Female,Maltese,Chippewa,Tazz,Junior Executive,Russia
843,Male,Punjabi,Aleut,Jabbertype,Business Systems Development Analyst,Brazil
844,Female,Montenegrin,Chinese,Aimbu,Chemical Engineer,China
845,Female,Punjabi,Comanche,Leenti,Dental Hygienist,Finland
846,Male,Lithuanian,Asian Indian,Devcast,Librarian,Norway
847,Female,Gagauz,Japanese,Eayo,Civil Engineer,Palestinian Territory
848,Male,Filipino,Aleut,Jabbersphere,Executive Secretary,Portugal
849,Female,Pashto,South American,Eare,Developer II,Belize
850,Male,Pashto,Latin American Indian,Twitterbridge,Automation Specialist III,Philippines
851,Male,Malagasy,Sioux,Geba,Analog Circuit Design manager,Thailand
852,Male,Marathi,Hmong,Tambee,Programmer IV,Sweden
853,Female,Hiri Motu,Sri Lankan,Einti,VP Sales,Morocco
854,Female,Macedonian,Tohono O'Odham,Jabbercube,Database Administrator I,Ukraine
855,Male,Indonesian,Laotian,Bubbletube,Editor,Indonesia
856,Female,Papiamento,Choctaw,Fanoodle,Junior Executive,Portugal
857,Male,Persian,Navajo,Babbleblab,Web Developer III,China
858,Male,Romanian,Tongan,Skilith,Librarian,Russia
859,Male,Filipino,Comanche,Devpoint,Sales Associate,Armenia
860,Male,Gujarati,Yakama,Kwideo,Actuary,Cuba
861,Female,Kurdish,Latin American Indian,Twitternation,Accounting Assistant III,Portugal
862,Male,Japanese,Chickasaw,Tagcat,Administrative Officer,Russia
863,Female,Gujarati,Paiute,Riffpath,Senior Cost Accountant,Indonesia
864,Male,Quechua,Pueblo,Pixonyx,Chief Design Engineer,Croatia
865,Female,Amharic,Filipino,Browsebug,Cost Accountant,China
866,Male,Danish,Apache,Lazz,Accounting Assistant IV,Cameroon
867,Male,Somali,Eskimo,Avaveo,Graphic Designer,Greece
868,Female,Maltese,Crow,Divavu,Developer II,China
869,Male,English,Comanche,Edgeify,Environmental Specialist,Nigeria
870,Female,Assamese,Navajo,Zooxo,Marketing Assistant,Taiwan
871,Male,Irish Gaelic,Cuban,Rooxo,Systems Administrator I,Philippines
872,Female,Icelandic,Bangladeshi,Edgepulse,Nuclear Power Engineer,Estonia
873,Male,Lithuanian,Korean,Browsedrive,Design Engineer,Italy
874,Female,Macedonian,Ute,Meeveo,Teacher,Indonesia
875,Male,Tsonga,Ecuadorian,Skyble,Human Resources Assistant I,Portugal
876,Male,Swedish,Indonesian,Browsecat,Dental Hygienist,United States
877,Female,Assamese,Eskimo,Voonyx,Community Outreach Specialist,China
878,Female,Malay,Tongan,Skyble,Structural Analysis Engineer,Palestinian Territory
879,Male,Greek,Guatemalan,Jaxworks,Financial Analyst,Thailand
880,Female,Bengali,Houma,Tagtune,Help Desk Technician,United States
881,Female,West Frisian,Guatemalan,Jetwire,Tax Accountant,Philippines
882,Female,Kashmiri,Panamanian,Quinu,Structural Engineer,Norway
883,Female,Yiddish,Paiute,Photobug,Tax Accountant,Poland
884,Male,Catalan,Yuman,Zoonder,Desktop Support Technician,Comoros
885,Male,Afrikaans,Osage,Rhybox,Human Resources Assistant II,Russia
886,Male,Bulgarian,Thai,Kwinu,Environmental Tech,China
887,Male,Montenegrin,Alaskan Athabascan,Edgepulse,Geological Engineer,Portugal
888,Female,Marathi,Lumbee,Feedspan,Geologist III,Indonesia
889,Male,Japanese,Pueblo,Realbuzz,Professor,South Korea
890,Female,Norwegian,Uruguayan,Kwilith,Software Consultant,Nigeria
891,Female,Dutch,Argentinian,Photolist,Financial Advisor,Indonesia
892,Male,Oriya,Guatemalan,Leenti,Media Manager III,Czech Republic
893,Female,Burmese,Chinese,Brightdog,Information Systems Manager,Indonesia
894,Male,Hungarian,Filipino,Trilith,Safety Technician I,China
895,Male,Kashmiri,Navajo,Fanoodle,Editor,China
896,Male,Lithuanian,Guamanian,JumpXS,Social Worker,Philippines
897,Male,Irish Gaelic,Indonesian,Yadel,Food Chemist,Belarus
898,Male,Filipino,Cheyenne,Zoozzy,Financial Advisor,Philippines
899,Male,Georgian,Chickasaw,Zoomcast,Analyst Programmer,Japan
900,Male,Dutch,Cheyenne,Realfire,Administrative Officer,China
901,Male,Sotho,Spaniard,Fliptune,GIS Technical Architect,Philippines
902,Female,Mongolian,Puerto Rican,Photobug,Account Executive,Indonesia
903,Male,Polish,Chinese,Fivechat,Community Outreach Specialist,China
904,Male,Moldovan,Cherokee,Dabshots,Librarian,Haiti
905,Male,Bislama,Cambodian,Vitz,Budget/Accounting Analyst I,Mexico
906,Female,Hiri Motu,Spaniard,Oyoloo,Operator,Belarus
907,Male,Gagauz,Cambodian,Lajo,Legal Assistant,Indonesia
908,Female,Tok Pisin,Argentinian,Blogpad,Computer Systems Analyst III,Czech Republic
909,Male,Punjabi,Creek,Photobug,VP Product Management,Ireland
910,Female,Tswana,Colville,Livepath,VP Sales,Indonesia
911,Male,Arabic,Chilean,Mudo,Systems Administrator III,Sweden
912,Female,Maltese,Bolivian,Meembee,Nurse,Ecuador
913,Male,Croatian,Pakistani,Voolia,Staff Scientist,Russia
914,Female,Azeri,Navajo,Rhycero,Chief Design Engineer,China
915,Female,Oriya,Yaqui,Fivespan,Staff Scientist,China
916,Female,Japanese,Nicaraguan,Mynte,Chemical Engineer,Poland
917,Male,English,Cambodian,Oyoyo,Operator,Indonesia
918,Female,Lao,Black or African American,Layo,Safety Technician I,United States
919,Male,Azeri,Bolivian,Wordtune,Business Systems Development Analyst,United Kingdom
920,Female,Somali,Native Hawaiian,Tazzy,Social Worker,Canada
921,Female,Hebrew,Sioux,Leexo,Actuary,Brazil
922,Female,New Zealand Sign Language,Creek,Yozio,Software Consultant,United States
923,Female,Italian,Asian Indian,Chatterpoint,Structural Analysis Engineer,Pakistan
924,Male,Irish Gaelic,Panamanian,Zoombox,Paralegal,Paraguay
925,Female,Spanish,Chickasaw,Skipfire,Mechanical Systems Engineer,France
926,Male,Moldovan,Delaware,Feednation,Executive Secretary,China
927,Female,Bosnian,Houma,Topiclounge,Librarian,Kenya
928,Male,Malayalam,Potawatomi,Jabberstorm,Media Manager I,Indonesia
929,Female,Swahili,Native Hawaiian and Other Pacific Islander (NHPI),Agimba,Media Manager III,Russia
930,Female,Ndebele,Tongan,LiveZ,Web Developer IV,Portugal
931,Female,Ndebele,Alaska Native,Thoughtmix,Structural Analysis Engineer,France
932,Male,Aymara,Ute,Flashset,Senior Developer,Iran
933,Male,Italian,Costa Rican,Babbleopia,Staff Scientist,Bosnia and Herzegovina
934,Male,Lithuanian,American Indian,Tagopia,Senior Financial Analyst,Greece
935,Male,Aymara,Yakama,Yakidoo,Administrative Officer,Morocco
936,Male,Indonesian,Spaniard,Wordpedia,Administrative Assistant IV,Sweden
937,Female,Japanese,Paraguayan,Gigashots,Account Representative III,Ecuador
938,Male,Malay,Black or African American,Dynabox,Junior Executive,Canada
939,Male,Somali,American Indian,Pixope,Food Chemist,United States
940,Female,Telugu,Fijian,Jayo,Assistant Manager,Poland
941,Male,Khmer,Dominican (Dominican Republic),Babbleset,Technical Writer,Cuba
942,Male,Malay,Native Hawaiian,DabZ,Administrative Assistant I,Russia
943,Female,Hungarian,Creek,Gabvine,Nurse Practicioner,Russia
944,Male,Georgian,Chinese,Devpulse,Community Outreach Specialist,Uzbekistan
945,Male,Tamil,Cambodian,Cogibox,Recruiter,Nigeria
946,Male,Mongolian,Cuban,Oyondu,VP Marketing,Russia
947,Male,Gagauz,Asian Indian,Twimm,Staff Accountant II,Poland
948,Male,Lithuanian,Chickasaw,Layo,Safety Technician IV,Brazil
949,Male,Polish,Sri Lankan,Myworks,Structural Engineer,Indonesia
950,Male,Hungarian,Hmong,Thoughtsphere,Accountant I,Canada
951,Male,New Zealand Sign Language,Colombian,Skiptube,Nurse,Russia
952,Male,Hebrew,Alaska Native,Skipstorm,Mechanical Systems Engineer,Sweden
953,Male,Telugu,Bangladeshi,Dynava,Account Representative I,Portugal
954,Female,Italian,Bolivian,Linklinks,Nurse,Czech Republic
955,Male,Kannada,Chamorro,Realcube,Librarian,Poland
956,Male,Hiri Motu,Kiowa,Wikibox,Sales Representative,Philippines
957,Female,French,Costa Rican,Gevee,Actuary,China
958,Male,Tajik,Ute,Voomm,Assistant Professor,China
959,Male,Malay,Shoshone,Fiveclub,Safety Technician I,Finland
960,Male,Tetum,Hmong,Jabbercube,Structural Analysis Engineer,China
961,Male,Guaraní,Pima,Wikizz,Research Associate,Portugal
962,Male,Irish Gaelic,Choctaw,Eazzy,Tax Accountant,Sweden
963,Female,Irish Gaelic,Comanche,Edgeify,Product Engineer,Belarus
964,Male,Georgian,Puerto Rican,Rhynoodle,Senior Developer,Canada
965,Male,Tsonga,Pakistani,Dynazzy,Software Consultant,Indonesia
966,Male,Georgian,Black or African American,Linkbuzz,Legal Assistant,China
967,Male,Croatian,Alaska Native,Linkbridge,Structural Analysis Engineer,Tajikistan
968,Male,Danish,Cambodian,Quimm,Nurse,Nepal
969,Male,Kyrgyz,Cambodian,Jayo,Nurse Practicioner,France
970,Male,Thai,Alaskan Athabascan,Topiczoom,Research Associate,Sweden
971,Female,Ndebele,Chilean,Gabtype,Statistician I,Democratic Republic of the Congo
972,Male,Kazakh,Paiute,Gabcube,Senior Quality Engineer,Vietnam
973,Female,Nepali,Pima,Flashdog,Help Desk Operator,Tanzania
974,Male,Papiamento,Asian Indian,Blogpad,Junior Executive,Portugal
975,Male,Tswana,Malaysian,Fatz,Data Coordiator,China
976,Male,Persian,White,Ailane,Cost Accountant,Ukraine
977,Female,Quechua,Blackfeet,Skajo,VP Accounting,France
978,Female,Latvian,Colombian,Dynazzy,Statistician I,Czech Republic
979,Female,Zulu,South American,Tazz,Software Consultant,Ecuador
980,Male,Swahili,Bangladeshi,Meevee,Help Desk Technician,Croatia
981,Female,Polish,Sioux,Youspan,Software Engineer II,China
982,Female,Sotho,Sri Lankan,Edgetag,Senior Financial Analyst,China
983,Male,New Zealand Sign Language,Pueblo,Ntag,Recruiting Manager,South Africa
984,Female,Dhivehi,Native Hawaiian,Gigashots,Senior Editor,China
985,Female,Moldovan,Sri Lankan,Kwimbee,Financial Advisor,Brazil
986,Male,Luxembourgish,Black or African American,Omba,Software Engineer I,Poland
987,Female,Finnish,Menominee,Skinder,Assistant Professor,Peru
988,Female,Ndebele,Navajo,Vinte,Environmental Specialist,China
989,Female,Lithuanian,Hmong,Fivebridge,Financial Advisor,Philippines
990,Female,Lithuanian,Eskimo,Yabox,Business Systems Development Analyst,Czech Republic
991,Male,Bulgarian,Delaware,Thoughtstorm,Geological Engineer,Palestinian Territory
992,Female,Polish,Vietnamese,Aimbo,Business Systems Development Analyst,Maldives
993,Female,Afrikaans,Kiowa,Flashdog,Sales Representative,Portugal
994,Male,Albanian,Melanesian,Realfire,Assistant Media Planner,Colombia
995,Female,Dutch,Native Hawaiian,Jayo,VP Product Management,Bolivia
996,Male,Armenian,Argentinian,Zoombox,Software Test Engineer IV,Indonesia
997,Female,Haitian Creole,Tlingit-Haida,Lazzy,Recruiting Manager,Indonesia
998,Male,Filipino,Blackfeet,Ailane,Professor,China
999,Male,Ndebele,Puget Sound Salish,Jayo,Pharmacist,Peru
1000,Male,Somali,Central American,Quatz,Biostatistician IV,Libya
