;id;gender;language;race;company;job_title;country
0;1;Male;Malagasy;Puget Sound Salish;Lazzy;VP Product Management;France
1;2;Female;Pashto;Puerto Rican;Jayo;Automation Specialist I;Indonesia
2;3;Male;Papiamento;Dominican (Dominican Republic);Thoughtblab;Social Worker;Indonesia
3;4;Male;New Zealand Sign Language;Chinese;Mybuzz;Environmental Tech;Philippines
4;5;Female;New Zealand Sign Language;Choctaw;Oyondu;Financial Analyst;Mozambique
5;6;Male;Hindi;Tlingit-Haida;Zoozzy;Environmental Tech;Indonesia
6;7;Male;Italian;Tlingit-Haida;Jayo;Teacher;China
7;8;Female;Marathi;Menominee;Jetwire;Registered Nurse;Brazil
8;9;Male;Quechua;Paraguayan;Mudo;Help Desk Technician;Gambia
9;10;Female;Estonian;Peruvian;Shuffletag;Database Administrator II;Peru
10;11;Male;Latvian;Nicaraguan;Yamia;Computer Systems Analyst IV;Libya
11;12;Female;Dzongkha;Spaniard;Kazio;Engineer I;Indonesia
12;13;Female;Papiamento;Laotian;Devcast;Tax Accountant;Sweden
13;14;Male;Gagauz;Puerto Rican;Voomm;Design Engineer;Russia
14;15;Female;Dzongkha;Chinese;Youopia;Financial Analyst;Chile
15;16;Female;Aymara;Hmong;Yotz;Sales Associate;North Korea
16;17;Male;Kurdish;Taiwanese;Demimbu;Desktop Support Technician;Poland
17;18;Male;Spanish;Samoan;Chatterbridge;Technical Writer;Poland
18;19;Male;Guaraní;Colombian;Babblestorm;Compensation Analyst;China
19;20;Female;Guaraní;Aleut;Plambee;Senior Developer;Sweden
20;21;Male;Chinese;Tlingit-Haida;Kwinu;Technical Writer;Brazil
21;22;Male;Guaraní;Polynesian;Brainsphere;Systems Administrator III;France
22;23;Male;Hebrew;Honduran;Rhyzio;Registered Nurse;China
23;24;Male;Swati;Colombian;Twinder;Quality Control Specialist;France
24;25;Male;Filipino;Laotian;Devpoint;Associate Professor;Indonesia
25;26;Female;Yiddish;Menominee;Ailane;Marketing Assistant;Venezuela
26;27;Female;Guaraní;Taiwanese;Jaxbean;Senior Quality Engineer;Zimbabwe
27;28;Male;Chinese;Cuban;Blogtags;Developer II;Argentina
28;29;Female;Persian;Iroquois;Agimba;Chief Design Engineer;Philippines
29;30;Male;Georgian;American Indian;Skalith;Accounting Assistant II;Palestinian Territory
30;31;Male;Fijian;Ute;Ozu;VP Quality Control;Armenia
31;32;Female;Swahili;Colville;Tagpad;Web Developer I;Russia
32;33;Female;Malagasy;Pima;Brightbean;Senior Editor;Moldova
33;34;Male;Tswana;Fijian;Realcube;Graphic Designer;Indonesia
34;35;Male;Kannada;Houma;Voomm;Biostatistician III;Indonesia
35;36;Male;Afrikaans;Asian Indian;Twinte;Financial Advisor;China
36;37;Male;Afrikaans;Puget Sound Salish;Skinix;Graphic Designer;Iran
37;38;Female;Assamese;Chamorro;Eayo;Analog Circuit Design manager;Portugal
38;39;Female;Tswana;Osage;Skilith;Statistician II;Kazakhstan
39;40;Male;Dari;Shoshone;Babbleblab;Editor;Cuba
40;41;Male;Catalan;Black or African American;Buzzshare;Project Manager;France
41;42;Female;Indonesian;Sioux;Dazzlesphere;Environmental Tech;Indonesia
42;43;Female;Nepali;Alaska Native;Gevee;Quality Engineer;Democratic Republic of the Congo
43;44;Female;Montenegrin;Osage;Dynabox;Editor;Egypt
44;45;Male;French;Chickasaw;Nlounge;Nurse;United States
45;46;Male;Marathi;Native Hawaiian;Bluezoom;VP Product Management;Tanzania
46;47;Female;Sotho;Colville;Twiyo;Environmental Specialist;Kenya
47;48;Male;Italian;Peruvian;Digitube;Programmer III;Greece
48;49;Male;Tetum;Cherokee;Quinu;Director of Sales;Russia
49;50;Female;Mongolian;Alaska Native;Mycat;Recruiter;Poland
50;51;Male;Icelandic;Black or African American;Eazzy;Junior Executive;Myanmar
51;52;Male;Gagauz;Yuman;Oba;Account Coordinator;China
52;53;Male;Malagasy;Black or African American;Twitternation;Data Coordiator;Argentina
53;54;Female;Polish;Chickasaw;Dazzlesphere;Analyst Programmer;Brazil
54;55;Female;Catalan;Colville;Innotype;Community Outreach Specialist;Russia
55;56;Male;Marathi;Polynesian;Browsebug;Sales Associate;Peru
56;57;Female;Norwegian;Cherokee;Trudoo;Professor;Ukraine
57;58;Male;Polish;Cambodian;Dynabox;VP Quality Control;Indonesia
58;59;Female;Dari;Vietnamese;Twiyo;Social Worker;Indonesia
59;60;Male;Tsonga;Nicaraguan;Realcube;Automation Specialist IV;France
60;61;Female;Kannada;Chinese;Thoughtbeat;Senior Sales Associate;Mexico
61;62;Female;Kashmiri;Korean;Dynabox;Community Outreach Specialist;Russia
62;63;Female;Dhivehi;Iroquois;Voonyx;Librarian;Russia
63;64;Female;Finnish;Central American;Geba;Web Developer IV;China
64;65;Female;Armenian;Blackfeet;Zoomcast;Human Resources Assistant IV;United States
65;66;Female;Burmese;Uruguayan;Browseblab;Professor;Thailand
66;67;Male;Kurdish;Latin American Indian;Jaxbean;Software Engineer III;United States
67;68;Male;Northern Sotho;Hmong;Voolith;VP Accounting;Dominican Republic
68;69;Female;Afrikaans;Seminole;Livetube;Staff Accountant II;Qatar
69;70;Female;Japanese;Pakistani;DabZ;Human Resources Assistant I;Portugal
70;71;Female;Armenian;Yuman;Miboo;Engineer IV;China
71;72;Female;Spanish;Colombian;Jabbersphere;Software Engineer II;China
72;73;Male;Korean;Navajo;Gabtype;VP Product Management;United States
73;74;Male;Marathi;Native Hawaiian;Oba;Cost Accountant;Indonesia
74;75;Female;Icelandic;Polynesian;Chatterbridge;Nuclear Power Engineer;Russia
75;76;Male;Tok Pisin;Black or African American;Photobean;Business Systems Development Analyst;Philippines
76;77;Female;Italian;Costa Rican;Voomm;Analyst Programmer;Indonesia
77;78;Male;Czech;Yakama;Skipstorm;Environmental Specialist;Ireland
78;79;Male;Dutch;Tongan;Zoovu;Senior Editor;Armenia
79;80;Male;Spanish;Paiute;Zoomcast;Research Nurse;Ukraine
80;81;Male;Kurdish;Polynesian;Lajo;Internal Auditor;Indonesia
81;82;Male;Bislama;Guamanian;Tagtune;Human Resources Assistant II;Belarus
82;83;Male;Kurdish;Cherokee;Tagchat;VP Sales;Poland
83;84;Male;Māori;Chippewa;Kayveo;VP Accounting;Poland
84;85;Female;Macedonian;Argentinian;Skaboo;Environmental Tech;Canada
85;86;Male;Kurdish;Yakama;Shuffledrive;Geologist IV;Russia
86;87;Female;German;Mexican;Oodoo;Librarian;Argentina
87;88;Male;Finnish;Micronesian;Shufflebeat;Budget/Accounting Analyst I;Indonesia
88;89;Female;Hindi;American Indian and Alaska Native (AIAN);JumpXS;Senior Cost Accountant;Indonesia
89;90;Male;Somali;Laotian;Skalith;Analyst Programmer;China
90;91;Male;Portuguese;Pueblo;Flipopia;General Manager;Argentina
91;92;Female;Papiamento;Iroquois;Avamm;Research Assistant III;Philippines
92;93;Female;Belarusian;Micronesian;Mycat;Geological Engineer;Thailand
93;94;Female;Montenegrin;Colombian;Tagpad;VP Quality Control;China
94;95;Male;Dutch;Cambodian;Skidoo;Design Engineer;Philippines
95;96;Male;Icelandic;Houma;Photofeed;Junior Executive;Portugal
96;97;Female;Latvian;Iroquois;Trilith;Librarian;China
97;98;Female;Assamese;Thai;Lazz;VP Quality Control;France
98;99;Male;Kazakh;Yakama;Gabcube;Senior Cost Accountant;Panama
99;100;Male;Ndebele;Taiwanese;Mybuzz;Social Worker;Philippines
100;101;Female;Irish Gaelic;Ottawa;Avamba;Social Worker;Pakistan
101;102;Female;Portuguese;Taiwanese;Twitterworks;Research Nurse;United States
102;103;Female;Quechua;Ecuadorian;Yozio;Budget/Accounting Analyst IV;Brazil
103;104;Male;Portuguese;Cambodian;Midel;Desktop Support Technician;Czech Republic
104;105;Female;Burmese;Honduran;Gabspot;Quality Control Specialist;China
105;106;Female;Hungarian;Puget Sound Salish;Brainbox;Senior Financial Analyst;Philippines
106;107;Male;Tajik;Bolivian;Rhynoodle;Programmer IV;China
107;108;Female;Filipino;Ute;Fatz;Research Nurse;Ukraine
108;109;Female;Thai;Tlingit-Haida;Thoughtworks;Technical Writer;Poland
109;110;Female;Northern Sotho;Mexican;Camimbo;Cost Accountant;United States
110;111;Male;Yiddish;Ecuadorian;Jaxnation;Administrative Officer;Germany
111;112;Female;Afrikaans;Nicaraguan;Jayo;Graphic Designer;Russia
112;113;Male;West Frisian;Cree;Skidoo;Research Assistant IV;Poland
113;114;Male;Tok Pisin;Japanese;Dabjam;Assistant Manager;Indonesia
114;115;Female;Punjabi;Shoshone;Pixope;Professor;Czech Republic
115;116;Male;Irish Gaelic;Fijian;Meevee;Project Manager;Russia
116;117;Female;Dzongkha;Apache;Blognation;Director of Sales;Japan
117;118;Male;Bulgarian;Sri Lankan;Yodo;Programmer Analyst IV;Indonesia
118;119;Male;Nepali;Lumbee;Buzzdog;Analyst Programmer;Canada
119;120;Male;Polish;Vietnamese;Demivee;Administrative Officer;Russia
120;121;Female;Sotho;Cree;Roomm;Research Associate;Philippines
121;122;Male;Tswana;Cambodian;Fanoodle;Librarian;Vietnam
122;123;Female;Tamil;Choctaw;Aivee;Help Desk Operator;Indonesia
123;124;Female;Tetum;Asian;Demimbu;Payment Adjustment Coordinator;Bhutan
124;125;Female;Italian;Iroquois;Zoozzy;Accountant I;Greece
125;126;Female;Luxembourgish;Bolivian;Ainyx;GIS Technical Architect;Vietnam
126;127;Male;Lao;Tongan;Thoughtbeat;Associate Professor;Venezuela
127;128;Male;Tajik;Laotian;Avavee;Research Associate;Russia
128;129;Male;Gagauz;Iroquois;Centizu;Occupational Therapist;Bosnia and Herzegovina
129;130;Female;Hungarian;Aleut;Meemm;Business Systems Development Analyst;Sweden
130;131;Male;Gujarati;Fijian;Ntags;Operator;Brazil
131;132;Male;Norwegian;Venezuelan;Eire;Operator;China
132;133;Female;Dzongkha;Fijian;Agimba;Administrative Assistant III;France
133;134;Male;Danish;Chickasaw;Topicblab;Nurse Practicioner;Russia
134;135;Female;Gagauz;Asian;Meedoo;Quality Engineer;Poland
135;136;Female;Fijian;Pueblo;Feedbug;VP Quality Control;Paraguay
136;137;Male;Zulu;Mexican;Jabbercube;Junior Executive;Peru
137;138;Male;Kurdish;Iroquois;Kayveo;Legal Assistant;United States
138;139;Male;Spanish;Ecuadorian;Zoovu;Technical Writer;Albania
139;140;Male;Romanian;Spaniard;Oodoo;Human Resources Assistant III;Vietnam
140;141;Male;Swahili;White;Skalith;Programmer Analyst I;French Polynesia
141;142;Male;Fijian;Houma;Aimbo;Environmental Specialist;Albania
142;143;Female;Dari;Central American;Feedfire;Associate Professor;United States
143;144;Male;Catalan;Bangladeshi;Realfire;Analyst Programmer;Croatia
144;145;Male;Nepali;Houma;Quamba;Mechanical Systems Engineer;Indonesia
145;146;Female;Kyrgyz;Puerto Rican;Yabox;Senior Quality Engineer;Mexico
146;147;Male;Oriya;Puget Sound Salish;Cogidoo;Geologist I;China
147;148;Female;Gujarati;American Indian;Babbleset;Clinical Specialist;Bulgaria
148;149;Female;Bulgarian;Eskimo;Myworks;Administrative Officer;Indonesia
149;150;Male;Haitian Creole;Latin American Indian;Buzzdog;Office Assistant III;China
150;151;Male;Croatian;Cambodian;Centimia;Computer Systems Analyst II;China
151;152;Male;New Zealand Sign Language;Yaqui;Pixonyx;Web Designer IV;United States
152;153;Male;Marathi;South American;Avamba;Marketing Manager;Portugal
153;154;Male;West Frisian;Aleut;Youbridge;Social Worker;Russia
154;155;Male;Amharic;Seminole;Babbleset;Web Designer IV;Bangladesh
155;156;Male;Bulgarian;Indonesian;Dabfeed;Environmental Specialist;China
156;157;Female;Dhivehi;Hmong;Feednation;Statistician II;Poland
157;158;Female;Thai;Comanche;Rhyloo;Statistician III;Indonesia
158;159;Male;Italian;Panamanian;Riffpath;Compensation Analyst;North Korea
159;160;Female;Swahili;Fijian;Devcast;Senior Financial Analyst;Brazil
160;161;Male;Pashto;American Indian;Jaxnation;Social Worker;Paraguay
161;162;Male;Malagasy;American Indian and Alaska Native (AIAN);Blogtags;Systems Administrator III;Portugal
162;163;Female;Belarusian;Colombian;Pixoboo;Senior Cost Accountant;Japan
163;164;Male;Thai;Cambodian;Vidoo;Desktop Support Technician;Canada
164;165;Female;Filipino;Polynesian;Jayo;Software Test Engineer III;South Korea
165;166;Male;Assamese;Delaware;Zoonder;Engineer II;Portugal
166;167;Female;Yiddish;Native Hawaiian;Dynazzy;VP Sales;Nicaragua
167;168;Male;Hindi;Chamorro;Eamia;Executive Secretary;China
168;169;Female;Gujarati;Yuman;Podcat;Chief Design Engineer;China
169;170;Male;Amharic;Dominican (Dominican Republic);Linkbuzz;Cost Accountant;Vietnam
170;171;Male;Azeri;White;Ainyx;Compensation Analyst;Mozambique
171;172;Male;Macedonian;Osage;Katz;Budget/Accounting Analyst III;China
172;173;Female;Ndebele;Micronesian;Skyble;VP Accounting;Russia
173;174;Female;Croatian;Filipino;Thoughtsphere;Engineer I;Indonesia
174;175;Female;Tamil;Black or African American;Voonder;Budget/Accounting Analyst II;Germany
175;176;Female;Dutch;Peruvian;Gigashots;Structural Analysis Engineer;China
176;177;Male;Czech;Japanese;Twitterbridge;Chief Design Engineer;Bolivia
177;178;Male;Bengali;Nicaraguan;Talane;Media Manager III;Mexico
178;179;Male;Haitian Creole;Thai;Bubblebox;VP Marketing;Russia
179;180;Male;Georgian;Ecuadorian;Devpoint;Desktop Support Technician;Costa Rica
180;181;Male;Danish;Malaysian;Cogilith;Pharmacist;Norway
181;182;Female;Icelandic;Yuman;Zoonoodle;Research Nurse;Philippines
182;183;Male;Spanish;Vietnamese;Brainverse;Administrative Officer;China
183;184;Female;Montenegrin;Cheyenne;Cogidoo;Geologist I;Brazil
184;185;Female;Assamese;Shoshone;Blogtag;Quality Engineer;China
185;186;Female;Northern Sotho;Filipino;Innotype;Research Nurse;Mexico
186;187;Male;Spanish;Chilean;Gabspot;Computer Systems Analyst I;Bangladesh
187;188;Male;Marathi;Osage;Skinix;Actuary;Thailand
188;189;Female;Malayalam;Pakistani;Oloo;Information Systems Manager;Iran
189;190;Male;Bosnian;Cambodian;Trudeo;Structural Analysis Engineer;China
190;191;Female;Bengali;Cheyenne;Mydo;Budget/Accounting Analyst III;Venezuela
191;192;Male;Telugu;Shoshone;Wikizz;Engineer IV;Serbia
192;193;Female;Malagasy;Taiwanese;Ainyx;VP Quality Control;Turkmenistan
193;194;Female;Norwegian;Navajo;Yata;Senior Developer;Russia
194;195;Female;Portuguese;Asian;Wikivu;VP Sales;Portugal
195;196;Male;Khmer;Asian;Blogtag;Senior Sales Associate;Poland
196;197;Male;Lao;Asian;Fliptune;Financial Advisor;China
197;198;Male;Maltese;Panamanian;Babblestorm;Clinical Specialist;China
198;199;Male;Tajik;Aleut;Photobug;Editor;Thailand
199;200;Female;Hungarian;Latin American Indian;Ooba;Business Systems Development Analyst;Poland
200;201;Female;Estonian;Pakistani;Quire;Computer Systems Analyst IV;Argentina
201;202;Female;Czech;Eskimo;Edgepulse;Administrative Assistant II;Serbia
202;203;Male;Hindi;Panamanian;Avamba;Analyst Programmer;Greece
203;204;Male;Danish;Apache;Skipfire;Registered Nurse;Poland
204;205;Female;Fijian;Blackfeet;Aibox;Staff Accountant IV;Indonesia
205;206;Male;Swedish;Bolivian;Oozz;Paralegal;Poland
206;207;Male;Malagasy;Comanche;Photofeed;Professor;Colombia
207;208;Male;Czech;Pakistani;Livefish;Web Designer II;Indonesia
208;209;Female;Italian;Nicaraguan;Riffpedia;GIS Technical Architect;China
209;210;Male;Filipino;Asian Indian;Meejo;Financial Analyst;Honduras
210;211;Female;Chinese;Polynesian;Voolith;Web Developer II;Sweden
211;212;Male;Hebrew;Chickasaw;Muxo;Junior Executive;Bangladesh
212;213;Female;Montenegrin;Laotian;Ntag;Librarian;Jamaica
213;214;Female;Haitian Creole;Micronesian;Feedfire;Administrative Assistant IV;Malaysia
214;215;Male;Gagauz;Yakama;Zazio;Account Coordinator;Colombia
215;216;Male;Polish;Melanesian;Quire;Analog Circuit Design manager;South Africa
216;217;Female;Tamil;Paiute;Skinte;Recruiter;China
217;218;Female;Lithuanian;Thai;Shufflebeat;Payment Adjustment Coordinator;Sweden
218;219;Male;Burmese;Blackfeet;Centizu;Automation Specialist IV;Ukraine
219;220;Male;Japanese;White;Babbleopia;Analog Circuit Design manager;Canada
220;221;Male;Mongolian;Shoshone;Flashset;Nuclear Power Engineer;China
221;222;Male;Malayalam;Central American;Pixoboo;Quality Control Specialist;Thailand
222;223;Male;Khmer;Dominican (Dominican Republic);Aimbo;Senior Editor;Cameroon
223;224;Male;Bislama;Paraguayan;Tagfeed;Speech Pathologist;Myanmar
224;225;Male;Gujarati;Eskimo;Flashspan;Cost Accountant;Sweden
225;226;Male;Tswana;Navajo;Linklinks;VP Marketing;Ethiopia
226;227;Female;Tajik;Apache;BlogXS;Physical Therapy Assistant;Mexico
227;228;Male;Indonesian;Osage;Topicshots;Tax Accountant;China
228;229;Male;Swedish;Asian;Browseblab;Data Coordiator;Portugal
229;230;Male;Kurdish;Chinese;Livetube;Research Assistant I;Indonesia
230;231;Male;Danish;Chinese;Vitz;GIS Technical Architect;United States
231;232;Male;Indonesian;Pakistani;Meemm;Dental Hygienist;Indonesia
232;233;Male;Belarusian;Uruguayan;Bluezoom;Staff Scientist;France
233;234;Female;Pashto;Thai;Wordify;Electrical Engineer;Brazil
234;235;Male;Catalan;Pakistani;Twitterworks;Help Desk Technician;Germany
235;236;Male;Kashmiri;Pakistani;Photofeed;Senior Quality Engineer;Portugal
236;237;Male;Hungarian;Shoshone;Jaloo;Quality Engineer;Indonesia
237;238;Male;Guaraní;Puerto Rican;Aibox;Sales Representative;Estonia
238;239;Male;Icelandic;American Indian and Alaska Native (AIAN);Bubblemix;Project Manager;Brazil
239;240;Female;Polish;Spaniard;Jabbersphere;Software Engineer II;Palestinian Territory
240;241;Male;Kurdish;Comanche;Dazzlesphere;Accountant I;Poland
241;242;Male;Dhivehi;Cambodian;Fivechat;Database Administrator III;Honduras
242;243;Female;Azeri;Samoan;Lajo;Graphic Designer;Ukraine
243;244;Male;Assamese;Lumbee;Twiyo;Librarian;China
244;245;Female;Malay;American Indian;Vimbo;Accounting Assistant I;Russia
245;246;Female;Tajik;Asian;Mita;Graphic Designer;Philippines
246;247;Male;Italian;Sri Lankan;Voolia;Data Coordiator;Russia
247;248;Female;Maltese;Cheyenne;Quatz;Social Worker;Poland
248;249;Female;Tamil;American Indian and Alaska Native (AIAN);Trunyx;Help Desk Technician;Canada
249;250;Male;Portuguese;Colombian;Devshare;Executive Secretary;China
250;251;Female;Gujarati;Apache;Fadeo;Social Worker;Russia
251;252;Female;Guaraní;Native Hawaiian;Jabbersphere;Electrical Engineer;Yemen
252;253;Female;Croatian;Colville;Kwideo;Senior Cost Accountant;Russia
253;254;Female;Somali;Japanese;Ailane;Financial Analyst;Poland
254;255;Female;Maltese;Ute;Devcast;Administrative Assistant I;Peru
255;256;Male;Tajik;Korean;Aivee;Technical Writer;Venezuela
256;257;Male;Amharic;Pakistani;Talane;Executive Secretary;United Arab Emirates
257;258;Female;West Frisian;Cuban;Fivebridge;Product Engineer;Argentina
258;259;Male;Hindi;Tlingit-Haida;Zoomlounge;Account Executive;China
259;260;Female;Papiamento;Menominee;Browseblab;Structural Analysis Engineer;Indonesia
260;261;Female;Armenian;Laotian;Realbuzz;Assistant Manager;Portugal
261;262;Male;Maltese;American Indian and Alaska Native (AIAN);Aivee;Editor;Russia
262;263;Male;Oriya;Argentinian;Myworks;Senior Cost Accountant;China
263;264;Male;Lao;Cambodian;Viva;Quality Control Specialist;China
264;265;Female;German;Peruvian;Flipstorm;Senior Quality Engineer;China
265;266;Male;Albanian;Puerto Rican;Mydeo;Technical Writer;Puerto Rico
266;267;Female;West Frisian;Guatemalan;Yamia;Cost Accountant;Poland
267;268;Male;Latvian;Kiowa;Quimm;Financial Analyst;China
268;269;Female;English;Crow;Fliptune;Social Worker;Vietnam
269;270;Female;Tetum;Potawatomi;Zava;VP Quality Control;Indonesia
270;271;Male;Amharic;Sri Lankan;Jetpulse;Legal Assistant;Russia
271;272;Male;Marathi;Paiute;JumpXS;Programmer Analyst I;Sweden
272;273;Female;Nepali;Alaska Native;Brightbean;Accountant III;Peru
273;274;Male;Amharic;Nicaraguan;Buzzster;Structural Engineer;Myanmar
274;275;Female;Japanese;Tongan;Quimba;Dental Hygienist;Honduras
275;276;Female;Spanish;Ecuadorian;Yata;Recruiter;Sierra Leone
276;277;Male;Japanese;Sioux;Skiba;Account Representative II;France
277;278;Female;Tswana;Polynesian;Twitterlist;Registered Nurse;China
278;279;Male;Gujarati;Cherokee;Zazio;Assistant Professor;China
279;280;Male;New Zealand Sign Language;Chamorro;Midel;Analyst Programmer;Malta
280;281;Female;Luxembourgish;Micronesian;Aivee;Chief Design Engineer;Zimbabwe
281;282;Female;Pashto;Ute;Babbleopia;Programmer Analyst III;Venezuela
282;283;Male;English;Navajo;Trudoo;VP Quality Control;Indonesia
283;284;Female;Irish Gaelic;Indonesian;Browsetype;Financial Analyst;China
284;285;Male;Romanian;Native Hawaiian and Other Pacific Islander (NHPI);Avamm;Marketing Manager;Bolivia
285;286;Female;Bosnian;Cambodian;Gabtype;Financial Analyst;Indonesia
286;287;Male;Papiamento;South American;Skinte;Administrative Assistant I;Ukraine
287;288;Male;Irish Gaelic;Sri Lankan;Agivu;Geologist IV;Poland
288;289;Male;Haitian Creole;Tohono O'Odham;Eare;Staff Scientist;Indonesia
289;290;Male;Punjabi;Shoshone;Devpulse;Assistant Professor;Angola
290;291;Female;Northern Sotho;Polynesian;Ooba;Marketing Manager;Russia
291;292;Male;Pashto;Chippewa;InnoZ;VP Quality Control;Syria
292;293;Male;Punjabi;Thai;Jabberstorm;Accounting Assistant I;Brazil
293;294;Male;Danish;Yakama;Photofeed;Internal Auditor;Ireland
294;295;Female;Tamil;Yaqui;Skalith;Database Administrator III;Peru
295;296;Male;Romanian;Chinese;Vimbo;Sales Associate;Mongolia
296;297;Male;Polish;American Indian;Yakitri;Account Representative IV;China
297;298;Female;Malay;American Indian and Alaska Native (AIAN);Yakijo;Senior Financial Analyst;Nicaragua
298;299;Female;Sotho;Creek;Riffpath;Cost Accountant;North Korea
299;300;Female;Tswana;Native Hawaiian and Other Pacific Islander (NHPI);Skinix;Registered Nurse;Russia
300;301;Male;Zulu;Thai;Zoomdog;Software Engineer II;Guadeloupe
301;302;Female;Armenian;Japanese;Thoughtstorm;Account Coordinator;Argentina
302;303;Male;Azeri;Shoshone;Zoomcast;Software Test Engineer II;Indonesia
303;304;Female;Persian;Black or African American;Ozu;Quality Control Specialist;Colombia
304;305;Male;Dari;Malaysian;Riffwire;Assistant Media Planner;Indonesia
305;306;Male;Norwegian;Samoan;Aimbu;Technical Writer;Brazil
306;307;Male;Catalan;Puerto Rican;Voolia;Office Assistant IV;Honduras
307;308;Male;Sotho;Central American;Cogibox;Research Associate;Palestinian Territory
308;309;Male;Hindi;Bangladeshi;Avavee;Programmer III;Ukraine
309;310;Female;Kazakh;Costa Rican;Aimbu;Physical Therapy Assistant;Finland
310;311;Female;Estonian;Asian;Reallinks;VP Quality Control;Afghanistan
311;312;Male;Ndebele;Latin American Indian;Skyba;Social Worker;Finland
312;313;Male;Polish;Indonesian;Rhycero;Junior Executive;Canada
313;314;Female;Tamil;Tohono O'Odham;Flipbug;Physical Therapy Assistant;Indonesia
314;315;Male;Montenegrin;Lumbee;Meeveo;Health Coach I;Portugal
315;316;Male;Northern Sotho;Kiowa;Realcube;VP Product Management;Mongolia
316;317;Male;New Zealand Sign Language;Taiwanese;Wikido;Dental Hygienist;Thailand
317;318;Male;Danish;Cheyenne;Einti;Structural Analysis Engineer;Ghana
318;319;Female;Lithuanian;Thai;Eire;Human Resources Assistant IV;Peru
319;320;Female;West Frisian;Cherokee;Rooxo;Programmer Analyst I;Russia
320;321;Female;Portuguese;American Indian and Alaska Native (AIAN);Vidoo;Human Resources Assistant I;China
321;322;Male;Tsonga;Native Hawaiian;Photobug;Geological Engineer;Germany
322;323;Male;Oriya;Thai;Twitternation;Office Assistant I;Israel
323;324;Female;Spanish;Pueblo;Jazzy;Technical Writer;Philippines
324;325;Female;Moldovan;Native Hawaiian and Other Pacific Islander (NHPI);Rhybox;Registered Nurse;Indonesia
325;326;Female;Icelandic;Yuman;Gigaclub;Business Systems Development Analyst;Russia
326;327;Female;Kannada;Costa Rican;Edgepulse;Research Nurse;Chile
327;328;Female;West Frisian;Puerto Rican;Rhybox;Editor;Sweden
328;329;Female;Indonesian;Nicaraguan;Skipstorm;Paralegal;Sweden
329;330;Male;Māori;Puget Sound Salish;Flipstorm;GIS Technical Architect;Poland
330;331;Male;Malayalam;Cherokee;Zoonder;Research Nurse;Brazil
331;332;Female;Amharic;Apache;Jazzy;Desktop Support Technician;France
332;333;Female;Tswana;Pima;Photolist;Research Nurse;Indonesia
333;334;Male;Malay;Chippewa;Janyx;Marketing Assistant;Egypt
334;335;Male;Tok Pisin;Venezuelan;InnoZ;Associate Professor;Russia
335;336;Female;Dhivehi;Mexican;Blogtag;Quality Control Specialist;Egypt
336;337;Female;Indonesian;Yaqui;Eabox;Research Assistant III;Brazil
337;338;Female;Kannada;Cree;Zoovu;Environmental Specialist;Philippines
338;339;Male;Malayalam;Chamorro;Tagchat;Payment Adjustment Coordinator;Portugal
339;340;Female;Guaraní;Colville;Yabox;Director of Sales;Brazil
340;341;Male;Mongolian;Mexican;Jetwire;Quality Engineer;Serbia
341;342;Male;Montenegrin;Asian;Kazio;Quality Control Specialist;Philippines
342;343;Male;Pashto;Nicaraguan;Brightbean;Human Resources Assistant II;Serbia
343;344;Female;West Frisian;Ecuadorian;Twimbo;Physical Therapy Assistant;Ecuador
344;345;Male;Estonian;Osage;Rhynyx;Senior Cost Accountant;Australia
345;346;Female;Macedonian;Samoan;Skivee;Budget/Accounting Analyst IV;Philippines
346;347;Female;Tok Pisin;Malaysian;Skyble;Accounting Assistant II;Philippines
347;348;Female;Bislama;Latin American Indian;Rhycero;Biostatistician III;Vietnam
348;349;Male;French;Choctaw;Nlounge;Chief Design Engineer;China
349;350;Male;Ndebele;Aleut;Kazio;Account Coordinator;Russia
350;351;Male;Croatian;Puget Sound Salish;Meedoo;Account Representative III;France
351;352;Female;Belarusian;Alaskan Athabascan;Eayo;Automation Specialist II;China
352;353;Female;Luxembourgish;American Indian;Eire;GIS Technical Architect;Peru
353;354;Male;Sotho;Mexican;Quimm;Human Resources Assistant II;Brazil
354;355;Male;Portuguese;Blackfeet;Thoughtstorm;Quality Control Specialist;France
355;356;Female;Armenian;Taiwanese;Tambee;Project Manager;Indonesia
356;357;Female;Zulu;Tongan;Livetube;Staff Scientist;Finland
357;358;Male;Quechua;Samoan;Jabbersphere;Electrical Engineer;Indonesia
358;359;Female;French;Chippewa;Realbuzz;Technical Writer;Argentina
359;360;Male;Punjabi;Uruguayan;Bubbletube;Pharmacist;Nigeria
360;361;Female;Burmese;Melanesian;Wikibox;Account Executive;Philippines
361;362;Female;Amharic;Cheyenne;Tagfeed;Information Systems Manager;Brazil
362;363;Female;Pashto;Laotian;Kanoodle;Software Test Engineer III;Russia
363;364;Female;Māori;Nicaraguan;Livefish;Junior Executive;Nigeria
364;365;Male;Yiddish;Cambodian;Topicware;Marketing Manager;Sweden
365;366;Male;Swedish;Panamanian;Divavu;Electrical Engineer;Japan
366;367;Female;Thai;Japanese;Layo;Structural Engineer;China
367;368;Male;Danish;Samoan;Ntags;Programmer III;Colombia
368;369;Female;English;Aleut;Topicshots;Design Engineer;Indonesia
369;370;Female;Dhivehi;Nicaraguan;Rhybox;Analyst Programmer;Portugal
370;371;Female;Romanian;Puget Sound Salish;Quatz;VP Product Management;Albania
371;372;Female;Malayalam;Costa Rican;Avamba;Automation Specialist IV;China
372;373;Female;West Frisian;Crow;Gabtype;Office Assistant III;Peru
373;374;Female;Armenian;Chinese;Ainyx;Information Systems Manager;Russia
374;375;Female;Maltese;Laotian;Kare;Media Manager II;France
375;376;Female;Haitian Creole;Tohono O'Odham;Twinder;Payment Adjustment Coordinator;Laos
376;377;Female;Dutch;Micronesian;Zazio;Sales Representative;France
377;378;Female;Hebrew;Delaware;Thoughtworks;Executive Secretary;Ireland
378;379;Female;Kurdish;Guamanian;Mudo;Data Coordiator;China
379;380;Male;Bosnian;Mexican;Shuffledrive;Account Executive;Egypt
380;381;Female;Polish;Vietnamese;Chatterbridge;Nuclear Power Engineer;Indonesia
381;382;Female;Polish;Pakistani;Janyx;Dental Hygienist;Sri Lanka
382;383;Female;Italian;Yaqui;Gabvine;Librarian;Greece
383;384;Female;Thai;Cuban;Devpulse;VP Marketing;Morocco
384;385;Female;Dhivehi;Navajo;Camido;Operator;Samoa
385;386;Male;Romanian;Black or African American;Dabshots;Pharmacist;Cuba
386;387;Male;Sotho;Alaska Native;Buzzster;Health Coach II;Poland
387;388;Male;Irish Gaelic;Sioux;Edgetag;Programmer Analyst II;France
388;389;Female;Aymara;White;Jaxworks;Geologist IV;China
389;390;Male;Somali;Apache;Linkbridge;Junior Executive;Japan
390;391;Male;Catalan;Delaware;Browsezoom;Design Engineer;China
391;392;Female;Kazakh;Honduran;Kayveo;Assistant Professor;China
392;393;Male;Guaraní;Nicaraguan;Meevee;Senior Financial Analyst;Portugal
393;394;Male;Gujarati;Taiwanese;Twinte;Nurse Practicioner;Russia
394;395;Male;Maltese;Cherokee;Oloo;Registered Nurse;Tanzania
395;396;Female;Persian;Laotian;Fliptune;Systems Administrator II;Poland
396;397;Male;Sotho;Panamanian;Twinder;Operator;Bosnia and Herzegovina
397;398;Male;Maltese;Apache;Bluezoom;Help Desk Technician;Albania
398;399;Female;Lithuanian;Spaniard;Babbleopia;Staff Scientist;China
399;400;Male;Macedonian;Lumbee;Oloo;Pharmacist;Hungary
400;401;Male;Tswana;Samoan;Jabbersphere;Recruiter;Sweden
401;402;Male;Indonesian;Chippewa;Camido;Mechanical Systems Engineer;Germany
402;403;Female;Romanian;Japanese;Skinder;Computer Systems Analyst II;Japan
403;404;Male;Kurdish;Sri Lankan;Trudeo;Civil Engineer;Portugal
404;405;Male;Māori;Ecuadorian;Brainverse;Compensation Analyst;Japan
405;406;Female;Norwegian;Hmong;Gabtune;Engineer I;Indonesia
406;407;Male;Italian;Cambodian;Divape;Office Assistant I;Azerbaijan
407;408;Female;Icelandic;Houma;Twinte;Compensation Analyst;Sweden
408;409;Female;Kyrgyz;Pakistani;Dynava;Help Desk Operator;France
409;410;Female;Lithuanian;Argentinian;Oozz;Quality Control Specialist;Greece
410;411;Female;Khmer;Samoan;Eidel;Account Executive;Albania
411;412;Male;Hindi;Pima;Tanoodle;Software Test Engineer IV;China
412;413;Male;Georgian;Panamanian;Browsecat;Account Coordinator;Senegal
413;414;Male;West Frisian;Pima;Kimia;Environmental Tech;Mexico
414;415;Male;Swahili;Central American;Gabcube;Senior Sales Associate;Kenya
415;416;Male;Korean;Ottawa;Jabbercube;Data Coordiator;China
416;417;Male;Romanian;Chippewa;Shuffletag;General Manager;Dominican Republic
417;418;Female;Dutch;Puerto Rican;Eamia;Civil Engineer;United States
418;419;Male;Estonian;Venezuelan;Camimbo;Dental Hygienist;Brazil
419;420;Male;Croatian;Honduran;Blogspan;Software Engineer II;Japan
420;421;Male;Lao;Spaniard;Browsedrive;Media Manager III;Malawi
421;422;Female;Tok Pisin;Iroquois;Skipstorm;Marketing Assistant;China
422;423;Female;Greek;Melanesian;Jabbercube;Sales Representative;Colombia
423;424;Male;Dari;Central American;Topicstorm;Programmer III;Germany
424;425;Male;Georgian;Nicaraguan;Kwimbee;Tax Accountant;Philippines
425;426;Female;Nepali;Dominican (Dominican Republic);Topiclounge;Associate Professor;France
426;427;Female;Yiddish;Indonesian;Zoozzy;Financial Advisor;Portugal
427;428;Female;Spanish;Seminole;Quinu;Marketing Manager;China
428;429;Female;Czech;Kiowa;Eayo;Account Coordinator;Philippines
429;430;Female;Romanian;Osage;Jaxnation;Human Resources Assistant IV;China
430;431;Male;Swahili;Iroquois;Feedfish;Programmer Analyst III;Sweden
431;432;Male;Zulu;Paiute;Gabtune;Payment Adjustment Coordinator;China
432;433;Female;Japanese;Ecuadorian;Trudoo;Account Representative III;Ghana
433;434;Male;Zulu;Chamorro;Agimba;Information Systems Manager;China
434;435;Male;Catalan;Crow;Jaxnation;Nurse;Brazil
435;436;Female;Bosnian;Yaqui;Yabox;Budget/Accounting Analyst IV;Portugal
436;437;Female;Bosnian;Venezuelan;Leexo;Assistant Manager;China
437;438;Female;Sotho;Chickasaw;Eadel;Structural Analysis Engineer;Croatia
438;439;Female;Greek;Alaska Native;Vimbo;Chemical Engineer;Bahamas
439;440;Female;Malay;Taiwanese;Voomm;Junior Executive;Greece
440;441;Female;Italian;Laotian;Kazio;Environmental Specialist;French Polynesia
441;442;Female;Zulu;Cambodian;Aibox;Geologist IV;Philippines
442;443;Female;Lithuanian;Native Hawaiian and Other Pacific Islander (NHPI);Einti;Accountant IV;Philippines
443;444;Female;Catalan;Asian;Trudeo;Physical Therapy Assistant;American Samoa
444;445;Male;Bulgarian;Cuban;Fivespan;Dental Hygienist;Philippines
445;446;Male;Japanese;Melanesian;Jaxnation;Payment Adjustment Coordinator;Israel
446;447;Male;Icelandic;White;Bubbletube;Assistant Professor;China
447;448;Female;Kashmiri;Chilean;Kwilith;Automation Specialist IV;Sweden
448;449;Female;Finnish;Guamanian;Youspan;Recruiting Manager;Thailand
449;450;Male;Ndebele;Japanese;Abata;Administrative Assistant III;Croatia
450;451;Male;Catalan;Cree;Riffpedia;Food Chemist;Egypt
451;452;Female;Malayalam;Peruvian;Zooveo;VP Marketing;Dominican Republic
452;453;Male;Malayalam;Uruguayan;Buzzdog;Staff Scientist;China
453;454;Male;Pashto;Dominican (Dominican Republic);Topicblab;Internal Auditor;China
454;455;Male;Portuguese;Choctaw;Ntags;Food Chemist;Ukraine
455;456;Female;Northern Sotho;Paiute;Wordware;Compensation Analyst;Mongolia
456;457;Female;Irish Gaelic;Spaniard;Nlounge;Assistant Media Planner;Brazil
457;458;Female;Māori;Yaqui;Jabberstorm;Food Chemist;China
458;459;Female;Kurdish;Asian Indian;Fatz;Financial Advisor;France
459;460;Male;Dari;Houma;Feedfire;Chief Design Engineer;Austria
460;461;Female;German;Uruguayan;Yakitri;Administrative Assistant III;France
461;462;Female;Malay;American Indian;Roomm;Legal Assistant;United States
462;463;Female;Moldovan;Bangladeshi;Browsedrive;Software Engineer II;Ukraine
463;464;Male;Gagauz;Ottawa;Dabtype;Help Desk Technician;China
464;465;Female;Danish;Shoshone;Kwilith;Actuary;Serbia
465;466;Male;Dhivehi;Yaqui;Topicblab;Marketing Assistant;Honduras
466;467;Male;English;Guatemalan;Thoughtbridge;Geologist I;China
467;468;Female;English;Yuman;Mydeo;Research Associate;Portugal
468;469;Female;Dhivehi;Houma;Vidoo;Accountant I;Morocco
469;470;Female;Spanish;Seminole;Photofeed;General Manager;China
470;471;Male;Korean;Yuman;Yadel;VP Quality Control;China
471;472;Female;Finnish;Venezuelan;Eidel;Analyst Programmer;France
472;473;Male;Ndebele;Sioux;Muxo;Human Resources Assistant I;Sweden
473;474;Female;Amharic;Costa Rican;Realbridge;Executive Secretary;China
474;475;Male;Japanese;Indonesian;Quire;Financial Advisor;Czech Republic
475;476;Male;Gagauz;Japanese;Aivee;Sales Representative;China
476;477;Female;Assamese;Tongan;Fivechat;Nurse;Philippines
477;478;Female;Tok Pisin;Iroquois;Gabtype;Recruiter;Indonesia
478;479;Male;Belarusian;Pima;Gigaclub;Dental Hygienist;Djibouti
479;480;Male;Tswana;American Indian;Thoughtbeat;Statistician I;China
480;481;Male;Assamese;Lumbee;Fivebridge;Nurse Practicioner;China
481;482;Male;Moldovan;Sioux;Trupe;Sales Representative;Indonesia
482;483;Female;Japanese;Apache;Gevee;Recruiting Manager;Estonia
483;484;Male;Azeri;Chippewa;Trunyx;Safety Technician II;Poland
484;485;Female;Mongolian;Colombian;Roombo;Cost Accountant;Ukraine
485;486;Female;Macedonian;Cambodian;Buzzshare;Recruiting Manager;Philippines
486;487;Male;Amharic;Spaniard;Mynte;Web Developer III;China
487;488;Female;Kazakh;Korean;Thoughtstorm;Social Worker;Kosovo
488;489;Female;Estonian;Samoan;Devify;Quality Engineer;Indonesia
489;490;Female;Hebrew;Native Hawaiian and Other Pacific Islander (NHPI);Youspan;Tax Accountant;United States
490;491;Male;Nepali;Taiwanese;Zoozzy;Senior Financial Analyst;Russia
491;492;Male;Indonesian;Colombian;Gabtype;Sales Associate;Indonesia
492;493;Female;Oriya;Fijian;Jetwire;Business Systems Development Analyst;Philippines
493;494;Female;Papiamento;Laotian;Feedbug;General Manager;Slovenia
494;495;Male;Spanish;Houma;Zava;Senior Quality Engineer;China
495;496;Female;Spanish;Navajo;Kwimbee;Accounting Assistant IV;China
496;497;Female;Azeri;Korean;Yozio;Account Representative II;Greece
497;498;Male;Croatian;Venezuelan;Kwimbee;Recruiting Manager;China
498;499;Male;Northern Sotho;Ottawa;Ainyx;Dental Hygienist;Brazil
499;500;Male;Portuguese;Bangladeshi;Cogidoo;Research Nurse;United States
500;501;Male;Bosnian;Guatemalan;Topiclounge;Professor;Sweden
501;502;Female;Telugu;Melanesian;Twitterbeat;Project Manager;Japan
502;503;Male;Sotho;Tohono O'Odham;Ooba;Account Coordinator;Indonesia
503;504;Male;Filipino;Tohono O'Odham;Kayveo;Product Engineer;Bulgaria
504;505;Female;Bulgarian;Hmong;Youfeed;Systems Administrator II;Norway
505;506;Male;Aymara;Kiowa;Topicshots;Design Engineer;China
506;507;Female;Maltese;Korean;Skyvu;Senior Editor;China
507;508;Male;Macedonian;Lumbee;Shufflester;Administrative Officer;Ukraine
508;509;Male;Montenegrin;Crow;Dynava;Assistant Professor;Brazil
509;510;Female;Aymara;Panamanian;Youspan;Nuclear Power Engineer;Russia
510;511;Female;Maltese;Eskimo;Devcast;Engineer I;Canada
511;512;Male;Dhivehi;Houma;Skidoo;Occupational Therapist;Indonesia
512;513;Female;Papiamento;Ute;Topicstorm;Senior Cost Accountant;France
513;514;Male;French;Mexican;Flashpoint;Technical Writer;Cuba
514;515;Female;Northern Sotho;Puget Sound Salish;Roodel;Senior Quality Engineer;China
515;516;Male;Gujarati;Colville;Mydeo;VP Sales;Philippines
516;517;Male;Macedonian;Asian Indian;Meembee;Senior Editor;Japan
517;518;Male;Malay;Hmong;Devshare;Staff Scientist;China
518;519;Male;Japanese;Laotian;Shufflester;Administrative Assistant I;Russia
519;520;Female;Dutch;Blackfeet;Thoughtsphere;Compensation Analyst;Sweden
520;521;Female;Chinese;Paiute;Divanoodle;Recruiter;Malaysia
521;522;Male;Burmese;Osage;Mudo;Desktop Support Technician;South Korea
522;523;Female;Oriya;Fijian;Gabcube;Mechanical Systems Engineer;Poland
523;524;Female;Tetum;Chamorro;Tagcat;Staff Scientist;Poland
524;525;Female;Japanese;Honduran;Wikido;Information Systems Manager;Indonesia
525;526;Male;Tetum;Navajo;Buzzbean;Account Executive;Indonesia
526;527;Female;Nepali;Ute;Meevee;Senior Developer;Indonesia
527;528;Female;Swahili;Cheyenne;Edgewire;Legal Assistant;Indonesia
528;529;Female;Sotho;Colombian;Twitterwire;Web Developer I;Russia
529;530;Female;Lithuanian;Thai;Skyble;Mechanical Systems Engineer;Indonesia
530;531;Male;Hungarian;Vietnamese;Thoughtbeat;Clinical Specialist;Brazil
531;532;Male;Dari;Native Hawaiian;Oyoba;Junior Executive;Finland
532;533;Female;Luxembourgish;Sioux;Oyonder;Analyst Programmer;China
533;534;Male;Hebrew;Guamanian;Skyndu;Physical Therapy Assistant;Indonesia
534;535;Female;Assamese;Vietnamese;Browseblab;Marketing Assistant;United States
535;536;Male;Kazakh;Polynesian;Yacero;Operator;United States
536;537;Male;Tok Pisin;Polynesian;Twitterlist;Administrative Assistant IV;Sweden
537;538;Female;Irish Gaelic;Blackfeet;Quinu;Nurse;Indonesia
538;539;Female;Tswana;Argentinian;Digitube;Clinical Specialist;Lithuania
539;540;Female;Sotho;Potawatomi;Voolia;Food Chemist;Uzbekistan
540;541;Female;Polish;Alaska Native;Tagtune;Payment Adjustment Coordinator;Mongolia
541;542;Female;Swahili;Samoan;Eadel;Mechanical Systems Engineer;Brazil
542;543;Female;Bulgarian;Costa Rican;Voomm;Mechanical Systems Engineer;Indonesia
543;544;Female;Finnish;Honduran;Zoonoodle;Clinical Specialist;China
544;545;Male;Persian;Uruguayan;Meevee;Developer II;Indonesia
545;546;Female;Portuguese;Delaware;Edgeclub;Chief Design Engineer;Argentina
546;547;Male;Gujarati;Salvadoran;Divanoodle;Senior Cost Accountant;Indonesia
547;548;Female;Montenegrin;Filipino;Abata;Structural Engineer;Armenia
548;549;Female;Thai;Tlingit-Haida;Flashspan;Help Desk Technician;Ukraine
549;550;Male;Nepali;Chippewa;Mydeo;Mechanical Systems Engineer;Russia
550;551;Male;Gujarati;Comanche;Yakidoo;Human Resources Manager;Cuba
551;552;Female;Zulu;Laotian;Dynabox;Nurse;Nigeria
552;553;Male;Swati;Delaware;Livefish;Senior Quality Engineer;Armenia
553;554;Female;Icelandic;Delaware;Flipbug;Financial Analyst;Germany
554;555;Male;Haitian Creole;Houma;Dabtype;Actuary;China
555;556;Female;Dzongkha;Cree;Npath;Quality Engineer;Portugal
556;557;Female;Assamese;Chinese;Fivespan;Web Developer II;Philippines
557;558;Female;Assamese;Korean;Lazzy;Environmental Tech;Bolivia
558;559;Female;Kyrgyz;Bangladeshi;Thoughtworks;Developer II;Libya
559;560;Female;Tsonga;Cheyenne;Vitz;Health Coach III;Thailand
560;561;Male;Zulu;Blackfeet;Youtags;Actuary;Philippines
561;562;Male;Korean;Colville;Topdrive;Design Engineer;Hungary
562;563;Female;Māori;Puget Sound Salish;Flipstorm;Recruiter;Yemen
563;564;Male;Armenian;Panamanian;Zoozzy;Web Developer II;China
564;565;Female;Dari;Crow;Dabtype;Graphic Designer;China
565;566;Female;Lithuanian;Crow;Photobug;Design Engineer;Iran
566;567;Male;Mongolian;Creek;Feedfire;Data Coordiator;Indonesia
567;568;Female;Amharic;Crow;Zazio;Web Designer II;China
568;569;Male;Tamil;Spaniard;Skaboo;Account Representative IV;Poland
569;570;Female;Punjabi;Apache;Rhycero;Programmer II;Nigeria
570;571;Female;Macedonian;Native Hawaiian;Topicware;Staff Accountant IV;Nigeria
571;572;Male;Croatian;Black or African American;Riffwire;Administrative Officer;China
572;573;Female;Hungarian;Native Hawaiian and Other Pacific Islander (NHPI);Jabberbean;Pharmacist;France
573;574;Female;Bengali;Asian Indian;Flipstorm;Chemical Engineer;Russia
574;575;Male;Macedonian;Thai;Riffwire;Payment Adjustment Coordinator;Poland
575;576;Female;Burmese;Indonesian;Twitternation;Social Worker;Chile
576;577;Male;Oriya;Cambodian;Wikibox;Office Assistant III;Czech Republic
577;578;Male;Dhivehi;Native Hawaiian;Browseblab;Senior Financial Analyst;Czech Republic
578;579;Male;Italian;Chippewa;Feedfish;Financial Advisor;China
579;580;Female;Northern Sotho;Taiwanese;Voonyx;Director of Sales;China
580;581;Female;Ndebele;Micronesian;Devify;Senior Editor;Indonesia
581;582;Female;Amharic;Ecuadorian;Fivebridge;Research Assistant IV;China
582;583;Female;Catalan;Micronesian;Fivechat;VP Product Management;Italy
583;584;Female;Moldovan;Chinese;Trupe;Civil Engineer;Argentina
584;585;Male;Maltese;Osage;Skipstorm;Accountant III;Lebanon
585;586;Male;Haitian Creole;Guatemalan;Tagopia;Sales Representative;Czech Republic
586;587;Male;Marathi;Taiwanese;Twitterbridge;Budget/Accounting Analyst III;Russia
587;588;Female;Dari;Shoshone;Zooveo;Project Manager;Greece
588;589;Female;Spanish;Aleut;Jabberbean;Chief Design Engineer;Albania
589;590;Female;Danish;Ecuadorian;Bubblemix;Associate Professor;China
590;591;Male;Lao;Native Hawaiian;Devpoint;Graphic Designer;China
591;592;Male;Montenegrin;Puget Sound Salish;JumpXS;Structural Analysis Engineer;Poland
592;593;Female;Chinese;Menominee;Youtags;Chemical Engineer;Mauritius
593;594;Female;Malayalam;Eskimo;Zava;VP Product Management;Nigeria
594;595;Male;Burmese;Taiwanese;Topicware;Analog Circuit Design manager;Egypt
595;596;Male;Māori;Nicaraguan;Mudo;Software Consultant;Russia
596;597;Female;Māori;Paiute;Agivu;Dental Hygienist;Poland
597;598;Male;Papiamento;Seminole;Midel;Structural Engineer;China
598;599;Female;Dari;Creek;Riffpath;Nuclear Power Engineer;China
599;600;Male;Fijian;South American;Devify;Professor;Uzbekistan
600;601;Female;Danish;Samoan;Yotz;Software Engineer II;China
601;602;Female;Estonian;Tongan;Gabtype;Software Consultant;Philippines
602;603;Male;Maltese;Pueblo;JumpXS;Health Coach IV;China
603;604;Female;Georgian;South American;Youbridge;Programmer Analyst II;Indonesia
604;605;Female;Indonesian;Fijian;Tagchat;Data Coordiator;China
605;606;Male;Hebrew;Blackfeet;Jaxspan;Payment Adjustment Coordinator;Honduras
606;607;Male;Spanish;Ottawa;Talane;Associate Professor;Argentina
607;608;Female;Dzongkha;Latin American Indian;Youfeed;Administrative Assistant II;Indonesia
608;609;Male;Swahili;Thai;Youopia;Cost Accountant;Taiwan
609;610;Male;Tok Pisin;Alaska Native;Gevee;Business Systems Development Analyst;Sweden
610;611;Female;Polish;Venezuelan;Yakijo;Developer III;Colombia
611;612;Female;Filipino;Latin American Indian;Voonder;Graphic Designer;Portugal
612;613;Male;Tajik;Salvadoran;Gevee;Statistician II;Brazil
613;614;Male;Dari;Guamanian;Voonte;Assistant Media Planner;China
614;615;Female;Lithuanian;Costa Rican;Brainbox;GIS Technical Architect;Poland
615;616;Female;Kashmiri;Potawatomi;Twitterbeat;Sales Representative;Colombia
616;617;Male;Aymara;Paraguayan;Gabcube;Senior Financial Analyst;Mexico
617;618;Male;Estonian;Alaskan Athabascan;Eimbee;Assistant Media Planner;Indonesia
618;619;Female;Tsonga;Lumbee;Feedbug;Payment Adjustment Coordinator;China
619;620;Male;Tsonga;Nicaraguan;Tagcat;Chief Design Engineer;France
620;621;Female;English;Chamorro;Flipstorm;Clinical Specialist;Philippines
621;622;Female;French;Hmong;Thoughtbridge;Graphic Designer;China
622;623;Female;Luxembourgish;Blackfeet;Yozio;Mechanical Systems Engineer;Sweden
623;624;Female;Norwegian;Native Hawaiian and Other Pacific Islander (NHPI);Eabox;Payment Adjustment Coordinator;China
624;625;Male;Maltese;Eskimo;Yombu;Assistant Manager;Nigeria
625;626;Female;Afrikaans;Yuman;Skivee;Research Associate;Indonesia
626;627;Male;Portuguese;Tongan;Bubblemix;Nurse Practicioner;Brazil
627;628;Female;Lithuanian;Eskimo;Meevee;Software Test Engineer II;Serbia
628;629;Female;Gagauz;Paiute;Mybuzz;Technical Writer;Indonesia
629;630;Male;Norwegian;Delaware;Quinu;Recruiting Manager;Philippines
630;631;Female;Hebrew;Cuban;Youopia;Structural Analysis Engineer;Indonesia
631;632;Female;Chinese;Cheyenne;Wikivu;Graphic Designer;Peru
632;633;Female;Belarusian;Creek;Quamba;Web Designer IV;China
633;634;Male;Lithuanian;Tongan;Skibox;Financial Analyst;China
634;635;Female;Arabic;Samoan;Tazzy;Human Resources Assistant III;Egypt
635;636;Male;Montenegrin;Chamorro;Fivechat;Senior Developer;Austria
636;637;Male;Bulgarian;Potawatomi;Feedspan;Financial Analyst;Indonesia
637;638;Male;Dutch;Osage;Aimbu;Office Assistant I;China
638;639;Female;Moldovan;Central American;Quinu;Staff Accountant III;Belarus
639;640;Male;Bengali;Alaska Native;Innotype;VP Accounting;Russia
640;641;Female;Kashmiri;Aleut;Podcat;Analyst Programmer;Portugal
641;642;Female;Swati;Latin American Indian;Youbridge;Operator;Russia
642;643;Female;Thai;Sioux;Zoomzone;Help Desk Operator;Mexico
643;644;Female;Yiddish;Honduran;Browsebug;Data Coordiator;China
644;645;Male;Pashto;Alaska Native;Yotz;Environmental Tech;Netherlands
645;646;Male;Indonesian;Chamorro;Thoughtbeat;Legal Assistant;Colombia
646;647;Male;Nepali;Yuman;Dabshots;Assistant Media Planner;China
647;648;Male;Italian;Tongan;Oyoyo;Business Systems Development Analyst;Nigeria
648;649;Female;Moldovan;Chilean;Trupe;Administrative Officer;China
649;650;Male;Croatian;Hmong;Fadeo;Social Worker;Tanzania
650;651;Female;West Frisian;Samoan;Blogspan;Professor;China
651;652;Male;Georgian;Hmong;Bubblebox;Payment Adjustment Coordinator;Portugal
652;653;Male;Swati;Cuban;Mymm;Structural Engineer;Italy
653;654;Female;Swahili;Houma;Photobug;Web Developer II;Dominican Republic
654;655;Male;Thai;Uruguayan;Eidel;Nuclear Power Engineer;China
655;656;Male;Lithuanian;Honduran;Yombu;Senior Financial Analyst;Indonesia
656;657;Female;Dhivehi;Blackfeet;Kanoodle;Programmer Analyst II;Bosnia and Herzegovina
657;658;Female;Swedish;Potawatomi;Meevee;Nuclear Power Engineer;Iran
658;659;Female;Albanian;Thai;Zoonder;Financial Advisor;Indonesia
659;660;Male;Finnish;Malaysian;Quinu;Information Systems Manager;Pakistan
660;661;Male;Fijian;Creek;Buzzbean;Account Coordinator;Indonesia
661;662;Female;Romanian;Paraguayan;Fivebridge;Technical Writer;Portugal
662;663;Male;Moldovan;Eskimo;Photolist;Web Designer III;China
663;664;Male;Malagasy;American Indian and Alaska Native (AIAN);Divavu;Nurse Practicioner;China
664;665;Male;Afrikaans;Laotian;Demimbu;Staff Accountant III;Poland
665;666;Male;Papiamento;Cheyenne;Trilith;Assistant Media Planner;Russia
666;667;Female;Croatian;Chilean;Livetube;Analog Circuit Design manager;Poland
667;668;Female;Hebrew;Colombian;Buzzdog;General Manager;China
668;669;Male;Kannada;Cheyenne;Chatterbridge;Accounting Assistant I;Thailand
669;670;Male;Bosnian;Panamanian;Tekfly;Dental Hygienist;Brazil
670;671;Male;Hebrew;Tohono O'Odham;Dabshots;Nuclear Power Engineer;Cyprus
671;672;Male;Korean;Colville;Zoombeat;Sales Associate;China
672;673;Male;Spanish;Colville;Jabbersphere;Pharmacist;Ukraine
673;674;Female;Dari;Peruvian;Rhybox;Budget/Accounting Analyst III;Argentina
674;675;Male;Guaraní;Potawatomi;Yodo;Paralegal;Panama
675;676;Female;Norwegian;Cree;Meetz;Accounting Assistant III;Russia
676;677;Female;Polish;American Indian and Alaska Native (AIAN);Fiveclub;Sales Associate;Malaysia
677;678;Male;Kazakh;Osage;Brainlounge;Budget/Accounting Analyst III;Philippines
678;679;Male;Norwegian;Choctaw;Pixoboo;Programmer Analyst IV;France
679;680;Female;Hiri Motu;Cherokee;Voonyx;Community Outreach Specialist;China
680;681;Female;Māori;Fijian;Cogilith;Senior Financial Analyst;Thailand
681;682;Female;Macedonian;Honduran;Divanoodle;Internal Auditor;China
682;683;Male;Moldovan;South American;Devbug;Research Associate;Peru
683;684;Male;Tswana;Creek;Livetube;VP Quality Control;Thailand
684;685;Female;Marathi;Pakistani;Leenti;Analog Circuit Design manager;Egypt
685;686;Female;Burmese;Korean;Gevee;General Manager;Ukraine
686;687;Female;Fijian;Cuban;Wikido;VP Sales;Portugal
687;688;Male;West Frisian;Native Hawaiian;Tagchat;Programmer Analyst I;Philippines
688;689;Male;Punjabi;South American;Eadel;Account Representative IV;Bulgaria
689;690;Female;Portuguese;Indonesian;Twitterworks;Budget/Accounting Analyst I;Philippines
690;691;Female;Assamese;Seminole;Kaymbo;Environmental Tech;Ukraine
691;692;Female;Georgian;Cheyenne;Meejo;Safety Technician I;Indonesia
692;693;Female;Afrikaans;Malaysian;Oba;Sales Representative;Indonesia
693;694;Male;Maltese;Bangladeshi;Kare;Civil Engineer;Bolivia
694;695;Male;Sotho;Paraguayan;Eire;Recruiting Manager;Russia
695;696;Male;Bengali;Hmong;Mudo;Civil Engineer;Costa Rica
696;697;Female;Guaraní;Peruvian;Twitternation;Senior Financial Analyst;Philippines
697;698;Male;Lithuanian;American Indian and Alaska Native (AIAN);Vinte;Geological Engineer;Canada
698;699;Female;Estonian;Bangladeshi;Dabfeed;Research Assistant IV;Czech Republic
699;700;Male;Telugu;Crow;Yombu;Senior Developer;Russia
700;701;Male;French;Melanesian;Gabtype;Environmental Tech;Russia
701;702;Female;Telugu;Chickasaw;Bubblemix;Mechanical Systems Engineer;Brazil
702;703;Female;Tsonga;Cheyenne;Skyble;Food Chemist;Venezuela
703;704;Male;Filipino;Panamanian;Dabshots;Nurse;China
704;705;Female;Belarusian;Native Hawaiian;Realpoint;Human Resources Assistant III;Czech Republic
705;706;Male;Papiamento;Eskimo;Dabjam;Research Assistant I;Brazil
706;707;Male;Papiamento;Korean;Skiba;Programmer II;Indonesia
707;708;Female;Khmer;Venezuelan;Mita;Quality Engineer;Netherlands
708;709;Female;Latvian;Taiwanese;Thoughtbeat;VP Product Management;Indonesia
709;710;Male;Japanese;Lumbee;Dabvine;Engineer II;Indonesia
710;711;Male;Tajik;Asian Indian;Shufflebeat;Senior Editor;Indonesia
711;712;Female;Japanese;Native Hawaiian and Other Pacific Islander (NHPI);Jamia;VP Sales;Mexico
712;713;Female;Tetum;Latin American Indian;Eare;Account Coordinator;Portugal
713;714;Male;English;Paraguayan;Shuffletag;Environmental Tech;Russia
714;715;Male;Icelandic;Crow;Feedbug;Technical Writer;Russia
715;716;Female;Czech;Blackfeet;Bluejam;Computer Systems Analyst I;Philippines
716;717;Male;Haitian Creole;Asian;Oyope;Assistant Professor;Indonesia
717;718;Female;Tajik;Cree;Oyoba;Recruiter;Poland
718;719;Female;Estonian;Kiowa;Oyonder;Civil Engineer;Vietnam
719;720;Female;Macedonian;Chickasaw;Tagfeed;Financial Advisor;Taiwan
720;721;Male;Latvian;Korean;Dabshots;Teacher;Brazil
721;722;Female;Lithuanian;Chilean;Youspan;Staff Accountant III;China
722;723;Female;Malay;Fijian;Realbuzz;VP Accounting;Iran
723;724;Male;Somali;Colombian;Oyonder;Office Assistant IV;Greece
724;725;Female;Albanian;Creek;Photobean;Research Assistant IV;Indonesia
725;726;Male;Czech;Uruguayan;Skippad;Assistant Professor;Indonesia
726;727;Female;Kyrgyz;Sri Lankan;Innojam;Nurse;China
727;728;Female;Kannada;Tongan;Dabtype;VP Product Management;Poland
728;729;Male;Icelandic;Yuman;Myworks;VP Marketing;Cameroon
729;730;Male;Quechua;Apache;Realbuzz;Biostatistician III;Indonesia
730;731;Female;Kazakh;Salvadoran;Janyx;Human Resources Assistant III;Mexico
731;732;Male;Afrikaans;Native Hawaiian;Quaxo;Web Designer III;Argentina
732;733;Female;New Zealand Sign Language;Hmong;Realbridge;Quality Engineer;Indonesia
733;734;Female;Malay;Laotian;Voonder;Systems Administrator IV;China
734;735;Female;Yiddish;Venezuelan;Ooba;Environmental Tech;Indonesia
735;736;Male;Telugu;Paiute;Jetpulse;Geological Engineer;China
736;737;Male;West Frisian;Seminole;Ooba;General Manager;Brazil
737;738;Female;Burmese;Nicaraguan;Podcat;Programmer Analyst II;Thailand
738;739;Female;Chinese;Aleut;Wikibox;Community Outreach Specialist;Colombia
739;740;Male;Armenian;American Indian and Alaska Native (AIAN);Yakidoo;Speech Pathologist;Russia
740;741;Female;Mongolian;Pueblo;Meeveo;Nurse Practicioner;Thailand
741;742;Male;Tok Pisin;Chilean;Blogpad;Occupational Therapist;Philippines
742;743;Male;Guaraní;Indonesian;Zoomzone;Marketing Manager;Brazil
743;744;Male;Montenegrin;Malaysian;Gabvine;Systems Administrator II;China
744;745;Female;Dzongkha;Pima;Gabtype;Civil Engineer;Poland
745;746;Female;Malagasy;White;Devcast;Compensation Analyst;Sweden
746;747;Male;Hebrew;Chamorro;Ozu;Quality Engineer;Thailand
747;748;Female;Bosnian;Black or African American;Trilith;Technical Writer;China
748;749;Female;Macedonian;Lumbee;Dabshots;Technical Writer;Indonesia
749;750;Female;Mongolian;Japanese;Flashdog;Cost Accountant;Central African Republic
750;751;Male;Catalan;Micronesian;Zoonder;Director of Sales;Indonesia
751;752;Female;Finnish;Peruvian;Eabox;Nuclear Power Engineer;Ukraine
752;753;Female;Haitian Creole;Pima;Zazio;Senior Editor;Sri Lanka
753;754;Male;Hungarian;Melanesian;JumpXS;Speech Pathologist;Canada
754;755;Female;New Zealand Sign Language;Yuman;BlogXS;Computer Systems Analyst II;Central African Republic
755;756;Male;Latvian;Spaniard;Livetube;Software Consultant;Iceland
756;757;Female;Albanian;Apache;Wordware;Social Worker;Netherlands
757;758;Female;Dzongkha;Latin American Indian;Flipopia;Programmer Analyst I;Ghana
758;759;Male;Dhivehi;Colville;Skyble;Product Engineer;Indonesia
759;760;Female;Czech;South American;Blogspan;Dental Hygienist;Russia
760;761;Male;Estonian;Alaskan Athabascan;Quatz;Recruiter;China
761;762;Male;Thai;Chinese;Bubblebox;Analog Circuit Design manager;Indonesia
762;763;Female;Catalan;Navajo;Blogtag;Associate Professor;Sweden
763;764;Female;Bulgarian;Thai;Divavu;Statistician IV;Brazil
764;765;Female;Filipino;American Indian;Katz;Geological Engineer;Indonesia
765;766;Female;Lao;Nicaraguan;Zooveo;Biostatistician IV;Albania
766;767;Female;French;Kiowa;Dynabox;Research Assistant IV;Philippines
767;768;Female;Danish;Indonesian;Oyoba;Chief Design Engineer;Nigeria
768;769;Female;Persian;Tongan;Meetz;Internal Auditor;Indonesia
769;770;Female;Assamese;Yaqui;Twimm;Senior Sales Associate;Malaysia
770;771;Female;Swahili;Bolivian;Plambee;Editor;Poland
771;772;Male;Polish;Ottawa;Skinte;General Manager;Colombia
772;773;Male;Quechua;Houma;Chatterpoint;Electrical Engineer;China
773;774;Male;Luxembourgish;Indonesian;Mycat;Systems Administrator I;Argentina
774;775;Female;Assamese;Guatemalan;Oyonder;Cost Accountant;China
775;776;Female;Greek;Colville;Yodoo;Community Outreach Specialist;Bhutan
776;777;Male;Tswana;Crow;Pixoboo;Graphic Designer;Honduras
777;778;Male;Malay;Cherokee;Roombo;Internal Auditor;Poland
778;779;Female;Chinese;Spaniard;Vinder;Senior Editor;China
779;780;Female;German;Bangladeshi;Leenti;Administrative Officer;North Korea
780;781;Female;Burmese;Osage;Kwinu;Marketing Assistant;Portugal
781;782;Female;Persian;Sioux;Topiczoom;VP Marketing;Indonesia
782;783;Male;Kyrgyz;Creek;Gabvine;Sales Representative;Brazil
783;784;Female;Yiddish;Navajo;Ailane;Operator;Brazil
784;785;Male;New Zealand Sign Language;Native Hawaiian and Other Pacific Islander (NHPI);Quimba;Electrical Engineer;China
785;786;Female;Dhivehi;Chippewa;DabZ;Safety Technician I;Macedonia
786;787;Female;Malagasy;Puerto Rican;Minyx;Assistant Media Planner;China
787;788;Female;Amharic;Chinese;Feedspan;Compensation Analyst;Pakistan
788;789;Female;Swahili;Guatemalan;Gigazoom;Senior Sales Associate;Portugal
789;790;Female;Chinese;Venezuelan;Flashdog;Dental Hygienist;Belarus
790;791;Female;Aymara;Colville;Blogtags;Senior Sales Associate;Peru
791;792;Female;Luxembourgish;Tongan;Vinte;Accountant I;Vietnam
792;793;Male;Estonian;Polynesian;Skinte;Software Consultant;Thailand
793;794;Female;Macedonian;Apache;Twinder;Budget/Accounting Analyst II;Tunisia
794;795;Female;Georgian;Pima;Voomm;VP Quality Control;China
795;796;Female;Swati;Vietnamese;Youspan;Pharmacist;Russia
796;797;Female;Persian;Melanesian;Teklist;VP Sales;China
797;798;Female;Kazakh;Cree;Blogspan;Executive Secretary;Russia
798;799;Male;Yiddish;Latin American Indian;Teklist;Administrative Assistant IV;Croatia
799;800;Female;Montenegrin;Colville;Meembee;Computer Systems Analyst III;France
800;801;Female;Malay;Salvadoran;Centizu;Accountant IV;Japan
801;802;Female;Czech;Bolivian;Shuffletag;Staff Scientist;Sweden
802;803;Female;Finnish;Malaysian;Divanoodle;Geologist I;Indonesia
803;804;Male;Malagasy;Menominee;Ozu;Systems Administrator I;Indonesia
804;805;Male;Tamil;Filipino;Pixonyx;General Manager;Indonesia
805;806;Male;Khmer;Peruvian;Buzzshare;Health Coach III;Indonesia
806;807;Male;Oriya;Osage;Jaloo;Developer I;Philippines
807;808;Male;German;Asian;Riffpath;Internal Auditor;Bangladesh
808;809;Female;Persian;Creek;Avaveo;Dental Hygienist;Japan
809;810;Female;Bosnian;Chinese;Twitterworks;Editor;Philippines
810;811;Male;Georgian;Japanese;Vitz;Web Developer III;Philippines
811;812;Male;Burmese;Filipino;Camido;Administrative Assistant III;Armenia
812;813;Male;Moldovan;Spaniard;Brainsphere;Statistician IV;Sweden
813;814;Female;Filipino;Vietnamese;Bubbletube;Internal Auditor;Philippines
814;815;Female;Azeri;Lumbee;Teklist;Sales Representative;Norway
815;816;Female;Malay;Paraguayan;Skyba;Nurse Practicioner;Philippines
816;817;Male;Pashto;Comanche;Mybuzz;Design Engineer;Peru
817;818;Female;Finnish;Native Hawaiian;Realfire;Occupational Therapist;China
818;819;Female;Tsonga;Mexican;Devcast;Nurse Practicioner;Indonesia
819;820;Male;Hungarian;Alaska Native;Agimba;Staff Accountant III;Sweden
820;821;Male;English;Chamorro;Muxo;VP Product Management;Panama
821;822;Male;Lithuanian;Yuman;Skippad;Graphic Designer;China
822;823;Female;Montenegrin;Ottawa;Eidel;Teacher;France
823;824;Male;Macedonian;American Indian;Fadeo;Teacher;Russia
824;825;Female;Amharic;Indonesian;Yadel;Paralegal;France
825;826;Female;Japanese;Tongan;Podcat;Data Coordiator;Ukraine
826;827;Female;Haitian Creole;Malaysian;Oyoyo;Senior Financial Analyst;Russia
827;828;Female;Dhivehi;Filipino;Kare;Nurse;Greece
828;829;Male;Malagasy;Apache;Layo;Business Systems Development Analyst;Thailand
829;830;Female;Montenegrin;Peruvian;Photospace;Account Representative I;China
830;831;Female;Kyrgyz;Cheyenne;Skimia;Staff Scientist;Poland
831;832;Male;Filipino;Ecuadorian;Devbug;Nuclear Power Engineer;China
832;833;Female;Moldovan;Paiute;Divavu;Dental Hygienist;France
833;834;Male;German;Cuban;LiveZ;Environmental Tech;Colombia
834;835;Female;Moldovan;Hmong;Yambee;Research Assistant II;China
835;836;Male;Mongolian;Creek;Shuffletag;Senior Cost Accountant;Poland
836;837;Female;Norwegian;Cree;Skiptube;Senior Editor;Poland
837;838;Female;Filipino;Black or African American;Meemm;VP Accounting;Belarus
838;839;Male;Swati;Venezuelan;Livepath;Financial Advisor;Indonesia
839;840;Male;Punjabi;Puerto Rican;Oba;Physical Therapy Assistant;Guatemala
840;841;Female;Dhivehi;Taiwanese;Jabbersphere;Systems Administrator I;China
841;842;Female;Maltese;Chippewa;Tazz;Junior Executive;Russia
842;843;Male;Punjabi;Aleut;Jabbertype;Business Systems Development Analyst;Brazil
843;844;Female;Montenegrin;Chinese;Aimbu;Chemical Engineer;China
844;845;Female;Punjabi;Comanche;Leenti;Dental Hygienist;Finland
845;846;Male;Lithuanian;Asian Indian;Devcast;Librarian;Norway
846;847;Female;Gagauz;Japanese;Eayo;Civil Engineer;Palestinian Territory
847;848;Male;Filipino;Aleut;Jabbersphere;Executive Secretary;Portugal
848;849;Female;Pashto;South American;Eare;Developer II;Belize
849;850;Male;Pashto;Latin American Indian;Twitterbridge;Automation Specialist III;Philippines
850;851;Male;Malagasy;Sioux;Geba;Analog Circuit Design manager;Thailand
851;852;Male;Marathi;Hmong;Tambee;Programmer IV;Sweden
852;853;Female;Hiri Motu;Sri Lankan;Einti;VP Sales;Morocco
853;854;Female;Macedonian;Tohono O'Odham;Jabbercube;Database Administrator I;Ukraine
854;855;Male;Indonesian;Laotian;Bubbletube;Editor;Indonesia
855;856;Female;Papiamento;Choctaw;Fanoodle;Junior Executive;Portugal
856;857;Male;Persian;Navajo;Babbleblab;Web Developer III;China
857;858;Male;Romanian;Tongan;Skilith;Librarian;Russia
858;859;Male;Filipino;Comanche;Devpoint;Sales Associate;Armenia
859;860;Male;Gujarati;Yakama;Kwideo;Actuary;Cuba
860;861;Female;Kurdish;Latin American Indian;Twitternation;Accounting Assistant III;Portugal
861;862;Male;Japanese;Chickasaw;Tagcat;Administrative Officer;Russia
862;863;Female;Gujarati;Paiute;Riffpath;Senior Cost Accountant;Indonesia
863;864;Male;Quechua;Pueblo;Pixonyx;Chief Design Engineer;Croatia
864;865;Female;Amharic;Filipino;Browsebug;Cost Accountant;China
865;866;Male;Danish;Apache;Lazz;Accounting Assistant IV;Cameroon
866;867;Male;Somali;Eskimo;Avaveo;Graphic Designer;Greece
867;868;Female;Maltese;Crow;Divavu;Developer II;China
868;869;Male;English;Comanche;Edgeify;Environmental Specialist;Nigeria
869;870;Female;Assamese;Navajo;Zooxo;Marketing Assistant;Taiwan
870;871;Male;Irish Gaelic;Cuban;Rooxo;Systems Administrator I;Philippines
871;872;Female;Icelandic;Bangladeshi;Edgepulse;Nuclear Power Engineer;Estonia
872;873;Male;Lithuanian;Korean;Browsedrive;Design Engineer;Italy
873;874;Female;Macedonian;Ute;Meeveo;Teacher;Indonesia
874;875;Male;Tsonga;Ecuadorian;Skyble;Human Resources Assistant I;Portugal
875;876;Male;Swedish;Indonesian;Browsecat;Dental Hygienist;United States
876;877;Female;Assamese;Eskimo;Voonyx;Community Outreach Specialist;China
877;878;Female;Malay;Tongan;Skyble;Structural Analysis Engineer;Palestinian Territory
878;879;Male;Greek;Guatemalan;Jaxworks;Financial Analyst;Thailand
879;880;Female;Bengali;Houma;Tagtune;Help Desk Technician;United States
880;881;Female;West Frisian;Guatemalan;Jetwire;Tax Accountant;Philippines
881;882;Female;Kashmiri;Panamanian;Quinu;Structural Engineer;Norway
882;883;Female;Yiddish;Paiute;Photobug;Tax Accountant;Poland
883;884;Male;Catalan;Yuman;Zoonder;Desktop Support Technician;Comoros
884;885;Male;Afrikaans;Osage;Rhybox;Human Resources Assistant II;Russia
885;886;Male;Bulgarian;Thai;Kwinu;Environmental Tech;China
886;887;Male;Montenegrin;Alaskan Athabascan;Edgepulse;Geological Engineer;Portugal
887;888;Female;Marathi;Lumbee;Feedspan;Geologist III;Indonesia
888;889;Male;Japanese;Pueblo;Realbuzz;Professor;South Korea
889;890;Female;Norwegian;Uruguayan;Kwilith;Software Consultant;Nigeria
890;891;Female;Dutch;Argentinian;Photolist;Financial Advisor;Indonesia
891;892;Male;Oriya;Guatemalan;Leenti;Media Manager III;Czech Republic
892;893;Female;Burmese;Chinese;Brightdog;Information Systems Manager;Indonesia
893;894;Male;Hungarian;Filipino;Trilith;Safety Technician I;China
894;895;Male;Kashmiri;Navajo;Fanoodle;Editor;China
895;896;Male;Lithuanian;Guamanian;JumpXS;Social Worker;Philippines
896;897;Male;Irish Gaelic;Indonesian;Yadel;Food Chemist;Belarus
897;898;Male;Filipino;Cheyenne;Zoozzy;Financial Advisor;Philippines
898;899;Male;Georgian;Chickasaw;Zoomcast;Analyst Programmer;Japan
899;900;Male;Dutch;Cheyenne;Realfire;Administrative Officer;China
900;901;Male;Sotho;Spaniard;Fliptune;GIS Technical Architect;Philippines
901;902;Female;Mongolian;Puerto Rican;Photobug;Account Executive;Indonesia
902;903;Male;Polish;Chinese;Fivechat;Community Outreach Specialist;China
903;904;Male;Moldovan;Cherokee;Dabshots;Librarian;Haiti
904;905;Male;Bislama;Cambodian;Vitz;Budget/Accounting Analyst I;Mexico
905;906;Female;Hiri Motu;Spaniard;Oyoloo;Operator;Belarus
906;907;Male;Gagauz;Cambodian;Lajo;Legal Assistant;Indonesia
907;908;Female;Tok Pisin;Argentinian;Blogpad;Computer Systems Analyst III;Czech Republic
908;909;Male;Punjabi;Creek;Photobug;VP Product Management;Ireland
909;910;Female;Tswana;Colville;Livepath;VP Sales;Indonesia
910;911;Male;Arabic;Chilean;Mudo;Systems Administrator III;Sweden
911;912;Female;Maltese;Bolivian;Meembee;Nurse;Ecuador
912;913;Male;Croatian;Pakistani;Voolia;Staff Scientist;Russia
913;914;Female;Azeri;Navajo;Rhycero;Chief Design Engineer;China
914;915;Female;Oriya;Yaqui;Fivespan;Staff Scientist;China
915;916;Female;Japanese;Nicaraguan;Mynte;Chemical Engineer;Poland
916;917;Male;English;Cambodian;Oyoyo;Operator;Indonesia
917;918;Female;Lao;Black or African American;Layo;Safety Technician I;United States
918;919;Male;Azeri;Bolivian;Wordtune;Business Systems Development Analyst;United Kingdom
919;920;Female;Somali;Native Hawaiian;Tazzy;Social Worker;Canada
920;921;Female;Hebrew;Sioux;Leexo;Actuary;Brazil
921;922;Female;New Zealand Sign Language;Creek;Yozio;Software Consultant;United States
922;923;Female;Italian;Asian Indian;Chatterpoint;Structural Analysis Engineer;Pakistan
923;924;Male;Irish Gaelic;Panamanian;Zoombox;Paralegal;Paraguay
924;925;Female;Spanish;Chickasaw;Skipfire;Mechanical Systems Engineer;France
925;926;Male;Moldovan;Delaware;Feednation;Executive Secretary;China
926;927;Female;Bosnian;Houma;Topiclounge;Librarian;Kenya
927;928;Male;Malayalam;Potawatomi;Jabberstorm;Media Manager I;Indonesia
928;929;Female;Swahili;Native Hawaiian and Other Pacific Islander (NHPI);Agimba;Media Manager III;Russia
929;930;Female;Ndebele;Tongan;LiveZ;Web Developer IV;Portugal
930;931;Female;Ndebele;Alaska Native;Thoughtmix;Structural Analysis Engineer;France
931;932;Male;Aymara;Ute;Flashset;Senior Developer;Iran
932;933;Male;Italian;Costa Rican;Babbleopia;Staff Scientist;Bosnia and Herzegovina
933;934;Male;Lithuanian;American Indian;Tagopia;Senior Financial Analyst;Greece
934;935;Male;Aymara;Yakama;Yakidoo;Administrative Officer;Morocco
935;936;Male;Indonesian;Spaniard;Wordpedia;Administrative Assistant IV;Sweden
936;937;Female;Japanese;Paraguayan;Gigashots;Account Representative III;Ecuador
937;938;Male;Malay;Black or African American;Dynabox;Junior Executive;Canada
938;939;Male;Somali;American Indian;Pixope;Food Chemist;United States
939;940;Female;Telugu;Fijian;Jayo;Assistant Manager;Poland
940;941;Male;Khmer;Dominican (Dominican Republic);Babbleset;Technical Writer;Cuba
941;942;Male;Malay;Native Hawaiian;DabZ;Administrative Assistant I;Russia
942;943;Female;Hungarian;Creek;Gabvine;Nurse Practicioner;Russia
943;944;Male;Georgian;Chinese;Devpulse;Community Outreach Specialist;Uzbekistan
944;945;Male;Tamil;Cambodian;Cogibox;Recruiter;Nigeria
945;946;Male;Mongolian;Cuban;Oyondu;VP Marketing;Russia
946;947;Male;Gagauz;Asian Indian;Twimm;Staff Accountant II;Poland
947;948;Male;Lithuanian;Chickasaw;Layo;Safety Technician IV;Brazil
948;949;Male;Polish;Sri Lankan;Myworks;Structural Engineer;Indonesia
949;950;Male;Hungarian;Hmong;Thoughtsphere;Accountant I;Canada
950;951;Male;New Zealand Sign Language;Colombian;Skiptube;Nurse;Russia
951;952;Male;Hebrew;Alaska Native;Skipstorm;Mechanical Systems Engineer;Sweden
952;953;Male;Telugu;Bangladeshi;Dynava;Account Representative I;Portugal
953;954;Female;Italian;Bolivian;Linklinks;Nurse;Czech Republic
954;955;Male;Kannada;Chamorro;Realcube;Librarian;Poland
955;956;Male;Hiri Motu;Kiowa;Wikibox;Sales Representative;Philippines
956;957;Female;French;Costa Rican;Gevee;Actuary;China
957;958;Male;Tajik;Ute;Voomm;Assistant Professor;China
958;959;Male;Malay;Shoshone;Fiveclub;Safety Technician I;Finland
959;960;Male;Tetum;Hmong;Jabbercube;Structural Analysis Engineer;China
960;961;Male;Guaraní;Pima;Wikizz;Research Associate;Portugal
961;962;Male;Irish Gaelic;Choctaw;Eazzy;Tax Accountant;Sweden
962;963;Female;Irish Gaelic;Comanche;Edgeify;Product Engineer;Belarus
963;964;Male;Georgian;Puerto Rican;Rhynoodle;Senior Developer;Canada
964;965;Male;Tsonga;Pakistani;Dynazzy;Software Consultant;Indonesia
965;966;Male;Georgian;Black or African American;Linkbuzz;Legal Assistant;China
966;967;Male;Croatian;Alaska Native;Linkbridge;Structural Analysis Engineer;Tajikistan
967;968;Male;Danish;Cambodian;Quimm;Nurse;Nepal
968;969;Male;Kyrgyz;Cambodian;Jayo;Nurse Practicioner;France
969;970;Male;Thai;Alaskan Athabascan;Topiczoom;Research Associate;Sweden
970;971;Female;Ndebele;Chilean;Gabtype;Statistician I;Democratic Republic of the Congo
971;972;Male;Kazakh;Paiute;Gabcube;Senior Quality Engineer;Vietnam
972;973;Female;Nepali;Pima;Flashdog;Help Desk Operator;Tanzania
973;974;Male;Papiamento;Asian Indian;Blogpad;Junior Executive;Portugal
974;975;Male;Tswana;Malaysian;Fatz;Data Coordiator;China
975;976;Male;Persian;White;Ailane;Cost Accountant;Ukraine
976;977;Female;Quechua;Blackfeet;Skajo;VP Accounting;France
977;978;Female;Latvian;Colombian;Dynazzy;Statistician I;Czech Republic
978;979;Female;Zulu;South American;Tazz;Software Consultant;Ecuador
979;980;Male;Swahili;Bangladeshi;Meevee;Help Desk Technician;Croatia
980;981;Female;Polish;Sioux;Youspan;Software Engineer II;China
981;982;Female;Sotho;Sri Lankan;Edgetag;Senior Financial Analyst;China
982;983;Male;New Zealand Sign Language;Pueblo;Ntag;Recruiting Manager;South Africa
983;984;Female;Dhivehi;Native Hawaiian;Gigashots;Senior Editor;China
984;985;Female;Moldovan;Sri Lankan;Kwimbee;Financial Advisor;Brazil
985;986;Male;Luxembourgish;Black or African American;Omba;Software Engineer I;Poland
986;987;Female;Finnish;Menominee;Skinder;Assistant Professor;Peru
987;988;Female;Ndebele;Navajo;Vinte;Environmental Specialist;China
988;989;Female;Lithuanian;Hmong;Fivebridge;Financial Advisor;Philippines
989;990;Female;Lithuanian;Eskimo;Yabox;Business Systems Development Analyst;Czech Republic
990;991;Male;Bulgarian;Delaware;Thoughtstorm;Geological Engineer;Palestinian Territory
991;992;Female;Polish;Vietnamese;Aimbo;Business Systems Development Analyst;Maldives
992;993;Female;Afrikaans;Kiowa;Flashdog;Sales Representative;Portugal
993;994;Male;Albanian;Melanesian;Realfire;Assistant Media Planner;Colombia
994;995;Female;Dutch;Native Hawaiian;Jayo;VP Product Management;Bolivia
995;996;Male;Armenian;Argentinian;Zoombox;Software Test Engineer IV;Indonesia
996;997;Female;Haitian Creole;Tlingit-Haida;Lazzy;Recruiting Manager;Indonesia
997;998;Male;Filipino;Blackfeet;Ailane;Professor;China
998;999;Male;Ndebele;Puget Sound Salish;Jayo;Pharmacist;Peru
999;1000;Male;Somali;Central American;Quatz;Biostatistician IV;Libya
